candidate_id,decision,species_identity_correct,value_correct,provenance_complete,cultivar_contamination,reviewer,reviewed_at_utc,supporting_excerpt,normalized_excerpt_sha256,content_fingerprint,decision_reason
1e51e3e340b7796675629197,accept,true,true,true,false,Codex source-backed evidence audit,2026-08-10T07:40:00Z,"Flowers white, 4-5 mm",44452671351de6c3ca026e89a0d30c7ff28a5c7bcdce7a80988b1b2eabbfae66,417df48bd1b65c4674ea60b5a5283bcb5ba887691ec0dc799308bc37fd005edb,"Exact species or strict synonym identity, direct trait statement, stable URL/citation, no cultivar-only transfer; value checked against trait-specific ontology."
da6711eadd8c0da4734cc3d2,accept,true,true,true,false,Codex source-backed evidence audit,2026-08-10T07:40:00Z,"Petals white, 10?16 mm",c1725f08836783bc15ecf6de1647dd128c3df57773c4917b08cc63bdfc6e482d,0e0cd1f4292cb8a164fe93f4865a2d11d7b6a3977c1dafdc0bce365b0b58e234,"Exact species or strict synonym identity, direct trait statement, stable URL/citation, no cultivar-only transfer; value checked against trait-specific ontology."
5e4ca438cec3b59cb38922e6,accept,true,true,true,false,Codex source-backed evidence audit,2026-08-10T07:40:00Z,Flower symmetry: Radial (Actinomorphic).,f0f378ea48f13b420a66bd4ea2065d562d4c32733492485ce7cf5c8382f8022e,49381b7dc597e72b3c03576abeedff10fe79ca3e138fb0dee9d08ff69fdf9dd9,"Exact species or strict synonym identity, direct trait statement, stable URL/citation, no cultivar-only transfer; value checked against trait-specific ontology."
4e578e50ef6d623abd8c7815,accept,true,true,true,false,Codex source-backed evidence audit,2026-08-10T07:40:00Z,Arrangement of parts: symmetric,78622774a7d44c52d3845c3ae28fcc41c2fb983f76eef94b02b36dd7108542f4,050e1bdab320292815183df31025470e4d43707c16e092d4e4cfd3d7450c37d7,"Exact species or strict synonym identity, direct trait statement, stable URL/citation, no cultivar-only transfer; value checked against trait-specific ontology."
671b7a97b4e6dd2ea93dce66,accept,true,true,true,false,Codex source-backed evidence audit,2026-08-10T07:40:00Z,"Flower heads 10?27 mm in diameter overall, conical below the petals, with 3?8 white petals, and cream or pale yellow centres.",64755f27c0111794405b613f6ef1b8daac569a885e2c226e205deebbfbae2f79,e45813cb4a151cb5a0f93dd728eb4f84cfe289dde62d57d56d895dfaf84b5567,"Exact species or strict synonym identity, direct trait statement, stable URL/citation, no cultivar-only transfer; value checked against trait-specific ontology."
24f4bdf33df420d6c4262c04,accept,true,true,true,false,Codex source-backed evidence audit,2026-08-10T07:40:00Z,"Raceme 5-20-flowered, flowers evenly spaced, or clumped together and more or less overlapping.",6ce3dda85620f367044aeb7403877fad5e2ae9c6fcadf63c448562e84d101b16,f9b4eaa5b5b21adc4fe821902f7cb95c8df8fa1ab1d486eb812b30e7b425e3b5,"Exact species or strict synonym identity, direct trait statement, stable URL/citation, no cultivar-only transfer; value checked against trait-specific ontology."
f5b94270acd93d89654e6556,accept,true,true,true,false,Codex source-backed evidence audit,2026-08-10T07:40:00Z,????????2?2.5???????0.8?2?????5?6????0.8?1.3??,7874fc9e2707f0c83bdb6e979485e3cc2a232062095d300b50df799204b7b9c8,02ca357aae2219d4576570952107a8c4686eb0e21ef3835b803e9493d2084344,"Exact species or strict synonym identity, direct trait statement, stable URL/citation, no cultivar-only transfer; value checked against trait-specific ontology."
9e0deebdc7b41d2adc7ffabd,accept,true,true,true,false,Codex source-backed evidence audit,2026-08-10T07:40:00Z,??????????????7??,a4af3e5c23932e8f7c7ad0163f364558f446c47716f8a18d4ce2c7f8c58e5c3e,0d5453ae174261238d88af1d04d366d674362e15b0c4e485bcf06ac1babf3f66,"Exact species or strict synonym identity, direct trait statement, stable URL/citation, no cultivar-only transfer; value checked against trait-specific ontology."
8c403f767116d0f62db1898c,accept,true,true,true,false,Codex source-backed evidence audit,2026-08-10T07:40:00Z,"Petals lanceolate, 3 mm long, connate ca. 1 mm basally, apically obtuse, minutely papillose-puberulent, punctate with orange glands.",5cc254e68a966d1d1758c7c3ea5628233e5193e0f4c5f55e53ed61591080c3a1,d6e14d6a3d1ae98a30a7dbf62437a8daea491b6ca61dbd6ae94e4f01949b1a47,"Exact species or strict synonym identity, direct trait statement, stable URL/citation, no cultivar-only transfer; value checked against trait-specific ontology."
c784deb9ddebe38a7b855de0,accept,true,true,true,false,Codex source-backed evidence audit,2026-08-10T07:40:00Z,Male flowers: Tepals about 2-2.9 mm long. Female flowers: Tepals about 1.8-2.8 mm long.,d7e60b36c936f47647045d966edd3e8eae0b701ea498571167c9ff3acbdf49fd,ec9f0247b74090847e9cef75a3835bb7791e5a07dbebcf76911853fcd8a2a16a,"Exact species or strict synonym identity, direct trait statement, stable URL/citation, no cultivar-only transfer; value checked against trait-specific ontology."
e2a0e7d1eef2275d6e2dac2b,accept,true,true,true,false,Codex source-backed evidence audit,2026-08-10T07:40:00Z,The racemes can reach up to 60cm in length and bear up to 30 green and ivory flowers with a distinct inverted lip.,424016a9082d93aea06c376bc92c360cc0996f51bed7368a24c20189706dd28e,5b0e7dd70e9e74f5bc5628d93dd19985978d2519bef7355b88d277ba1c90ebbc,"Exact species or strict synonym identity, direct trait statement, stable URL/citation, no cultivar-only transfer; value checked against trait-specific ontology."
cc891ae6d2df9f1f51658cca,accept,true,true,true,false,Codex source-backed evidence audit,2026-08-10T07:40:00Z,"Stretch flower spikes in early summer, many yellow florets. Array of flower: Spikelet inflorescence.",8befa1c7e35dfd60f554ab7b359beba45a65885a7809e153a82b1b78a503a953,4a8bdfaa16eb237f52cd82034ac1b1959bc7ef72989a34ec2f409ddcda5a19e3,"Exact species or strict synonym identity, direct trait statement, stable URL/citation, no cultivar-only transfer; value checked against trait-specific ontology."
1b1f18ddda4f270354d0dc77,accept,true,true,true,false,Codex source-backed evidence audit,2026-08-10T07:40:00Z,??????????????10?20???????2?3???,195b3c9d27e6b540815710cd747701fef5324066dced2b78ea1f023d66eddd30,601d3d10a182e1d59113dfb68a9ab604fc4e65f1dffcfde5324a95858c5b56f8,"Exact species or strict synonym identity, direct trait statement, stable URL/citation, no cultivar-only transfer; value checked against trait-specific ontology."
83096a8e73a9db5ed399f5b3,accept,true,true,true,false,Codex source-backed evidence audit,2026-08-10T07:40:00Z,Individual Flower Shape: Tubular,3ab981ae8c595b07f085f394536c7c9f23e9e683c190029eb450d1649333d8b7,f1ebe3e957dbd3538f53ad88ce149aa96ad18e6ab1af925159d16695a5e9065f,"Exact species or strict synonym identity, direct trait statement, stable URL/citation, no cultivar-only transfer; value checked against trait-specific ontology."
7ff710dec56cb33ee0347c2b,accept,true,true,true,false,Codex source-backed evidence audit,2026-08-10T07:40:00Z,Height of flower head base 6?10 mm.,367189447372bffa3c9194952a20f68f68f6ba7c6267dc76e56c6ae5d0eb1948,60025fdd434d40196e9f6beddfa903a0794ad8e908d4057178dceb64d1a4c66d,"Exact species or strict synonym identity, direct trait statement, stable URL/citation, no cultivar-only transfer; value checked against trait-specific ontology."
52a9458a348f7c10a8d4174a,accept,true,true,true,false,Codex source-backed evidence audit,2026-08-10T07:40:00Z,"Corolla tube 8 mm long, lobes 6-12, oblong.",331c449a799369aa5c00da6873b5fccab5cefd1784ab4c26d7769bd2f6b2a309,f3590dbb723e0bedffaffa123ef11ef9e2a17268cddb5b17ec03b472335babd0,"Exact species or strict synonym identity, direct trait statement, stable URL/citation, no cultivar-only transfer; value checked against trait-specific ontology."
34f6a5562a51afa287b1c9a1,accept,true,true,true,false,Codex source-backed evidence audit,2026-08-10T07:40:00Z,"Staminate inflorescences (6?)15?25 cm long, axillary, branched, consisting of 3?8(?14) racemes.",774e43def0ba9e279e2a1171b6ecfea0a3b3e6820d203aedaa43d22109d0dac7,6b92d796be1e02a5a3ae5c41d36b6e13143de467ba95d073794245b6020e0af9,"Exact species or strict synonym identity, direct trait statement, stable URL/citation, no cultivar-only transfer; value checked against trait-specific ontology."
906b134b3d43930f3850ac83,accept,true,true,true,false,Codex source-backed evidence audit,2026-08-10T07:40:00Z,"Rubiaceae. Argostemma montanum Bl. ex DC. On slope above the river. Herb; flower white. J.S. Burley, Tukirin et al. 3698, 7 March 1990.",7eed09a59637ee88ae34d1ed357c29dbddb9d56575f59a04b45a803f6ba602a7,c2111032a03cef2bf14094bf3b65d45a9b834f3736563d700906b3139faf60f0,"Exact species or strict synonym identity, direct trait statement, stable URL/citation, no cultivar-only transfer; value checked against trait-specific ontology."
d04eea1188baf21654fba51e,accept,true,true,true,false,Codex source-backed evidence audit,2026-08-10T07:40:00Z,"Per. 5-6 mm. diam., of 2 unequal lobes, each again 2-3-partite.",178a8e632c2d423722bcb22b0bcd0e2f0296114e1035cce4066859c9c9a9898c,fead553d7d4e2c02768e7b9a4ff82304d13c48b2ec0cce42c0164afcc8eb6ad4,"Exact species or strict synonym identity, direct trait statement, stable URL/citation, no cultivar-only transfer; value checked against trait-specific ontology."
09de7a5cb14385bb93dbb41f,accept,true,true,true,false,Codex source-backed evidence audit,2026-08-10T07:40:00Z,"Fragrant flowers at the base of the leaves with a villous corolla of a narrow tube and extended whitish to yellow, pink, or brown purple round lobes.",9e41ee607dccaba66c0110363f5a88b263a63864a0322b2c7f1d14b477e72a0f,49815f46fa3cf4d422aa26a51d845628826150d52198d7a9ca5ffc1288ff7bc6,"Exact species or strict synonym identity, direct trait statement, stable URL/citation, no cultivar-only transfer; value checked against trait-specific ontology."
88d918632048b0735c711c6f,accept,true,true,true,false,Codex source-backed evidence audit,2026-08-10T07:40:00Z,Type of flower: Radial symmetrical flower.,ac53fd461780b63cd19da0444a31e7ad7e96a9730e8afee71e32940cc25630d8,20aec30b2a2ac958329b91a3ab714f6a3157b30eb643136c4bb6acc5b0072f1c,"Exact species or strict synonym identity, direct trait statement, stable URL/citation, no cultivar-only transfer; value checked against trait-specific ontology."
604280ef19b81a25eff8d506,accept,true,true,true,false,Codex source-backed evidence audit,2026-08-10T07:40:00Z,"Kv?tenstv? vyr?st? mezi listy, je latovit?, 1?1,5 m dlouh?, v?tven? do 3(?4) ??d?, tvo?en? jednopohlavn?mi ?lutozelen?mi kv?ty.",bf574f43880bdd8119177b1065b354a408cdb8b70b67f75c98ab46d0491ab8d5,1629a92da0e7e2ffc8a4349d7ac0d4bcfde54023739d701240e71beac852be34,"Exact species or strict synonym identity, direct trait statement, stable URL/citation, no cultivar-only transfer; value checked against trait-specific ontology."
3887b32dca829a99cdae289a,accept,true,true,true,false,Codex source-backed evidence audit,2026-08-10T07:40:00Z,"Inflorescence a short, extra-axillary cyme, sometimes almost umbellate, few- to many-flowered, densely short-hairy.",83aab359f797f5aaed75b95ad36ed6e55b1e1ee72d35312e3aebb99339a012e0,e3fb0d9bc225712511955301057ed1860adf4f9b21a519d23a9e01c7b4ff8f7d,"Exact species or strict synonym identity, direct trait statement, stable URL/citation, no cultivar-only transfer; value checked against trait-specific ontology."
8cbd068933afe6e1e460ca79,accept,true,true,true,false,Codex source-backed evidence audit,2026-08-10T07:40:00Z,"Flowers small, ca. 5 mm in diam., pale yellow to yellowish-green; calyx 5(or 6)-lobed; corolla campanulate, 5(or 6)-lobed.",deed668f6f85838e9387d080a2617e9e57015190d5a877ca10d5ee16f094cbbc,381f9823fe98cc1fa9ea9c7ad2a00c7042bac9484024b61727183e8377d5538a,"Exact species or strict synonym identity, direct trait statement, stable URL/citation, no cultivar-only transfer; value checked against trait-specific ontology."
030629dda5ddcce34547b262,accept,true,true,true,false,Codex source-backed evidence audit,2026-08-10T07:40:00Z,"Flowers in purple heads, c 3 cm across; corolla tube c 0.7 cm long.",3d36e2f8a06237e080040b043c8ae235ff62019f45f42fe1ccd41d325848bc80,6b0d7d6bc2ea7ba02dc29bd1547c16f9d80cfe8f638cef1e74088d9d9fbb21f2,"Exact species or strict synonym identity, direct trait statement, stable URL/citation, no cultivar-only transfer; value checked against trait-specific ontology."
089d8abfac4e5ef8e06f62cc,accept,true,true,true,false,Codex source-backed evidence audit,2026-08-10T07:40:00Z,"Fleurs jaune tr?s p?le, nombreuses, les externes femelles 80-100.",d22488ac09926fe20382d225d934c513bc62855122a2797accdebc153055167c,3c149780459b37e4baa8451326296ea91161035f2c46a601c2e894f79486b773,"Exact species or strict synonym identity, direct trait statement, stable URL/citation, no cultivar-only transfer; value checked against trait-specific ontology."
a37fe944f6f9c1c843a23052,accept,true,true,true,false,Codex source-backed evidence audit,2026-08-10T07:40:00Z,"Flower diameter 1-2 cm; flower color: pink, red.",763e0e4ebcd0741ee2e14ce209fe3975558e75f44acdf1202469df305454066f,a9ef1b53e5151bf0c8dccdb65bd78e9229ebbbc8270f292087ee7c1e0b06bd59,"Exact species or strict synonym identity, direct trait statement, stable URL/citation, no cultivar-only transfer; value checked against trait-specific ontology."
54596eaa5056b006b6a31212,accept,true,true,true,false,Codex source-backed evidence audit,2026-08-10T07:40:00Z,"The five petals are oblanceolate and acuminate in shape, 15?29 mm long. Petals are fused at about midpoint and sharply reflexed, similar to congener P. cornifolium.",780ccfe233bb2ad87cb0b27c5c9ca4f590640802e989c141d4cbf0c7f023a4fc,db825f1d4cfe494075f216c39c60a92761711c52d7d099b6d1890a21b2cffe4c,"Exact species or strict synonym identity, direct trait statement, stable URL/citation, no cultivar-only transfer; value checked against trait-specific ontology."
bbacaf332c131faa9a6f90a8,accept,true,true,true,false,Codex source-backed evidence audit,2026-08-10T14:00:00Z,"Flowers white, with violet-blue patches, in terminal cymes.",e836add4361890bb71978736d6dd7a9b03542cd147edb9fe1d03bd1e7268f7a4,8c5f7e3cbeb7c3c871409f4ef83e49cb0fb36c3d5776f0545e47f35ceb1c19ec,"Exact species identity and treatment verified on rendered BSI flora page 168; direct terminal-cyme statement, stable PDF citation, no cultivar transfer; value checked against the inflorescence ontology."
efb57e6829e7f1cf84e15683,accept,true,true,true,false,Codex source-backed evidence audit,2026-08-10T14:00:00Z,"Flowers produced in cymes, the central flower being female.",d1c5678c823d603341cc47a02fc1c4b4ffac1199e67694543c171d2f03dfe744,309565e1f70bbfc179bfca2240490b55fa7b7a8f1c51f08b400fdfb958779964,"Exact species identity and direct cyme statement verified in the CSIRO botanical key; stable source URL, no cultivar transfer; value checked against the inflorescence ontology."
