candidate_id,accepted_species,searched_name,trait_name,normalized_value,source_url,supporting_excerpt,decision,species_identity_correct,value_correct,provenance_complete,cultivar_contamination,false_positive_reason,decision_reason,reviewer,reviewed_at_utc
15cd350d2a29dd72de054b8b,Adina cordifolia,Haldina cordifolia,flower_primary_color,yellow_orange,https://indiaflora-ces.iisc.ac.in/herbsheet.php?id=5655&cat=13,Flowers are small and yellow and aggregated in heads.,accept,true,true,true,false,,"Accepted after exact species-rank synonym and family agreement in WFO June 2026 and GBIF, complete treatment quote, ontology and non-cultivar review; multistate floral values retained.",Codex IISc two-backbone synonym full candidate audit,2026-08-12T14:29:00Z
24741d986256b78dc0119d8b,Aglaia oligophylla,Aglaia glaucescens,flower_primary_color,yellow_orange,https://indiaflora-ces.iisc.ac.in/herbsheet.php?id=312&cat=13,"Flowers small, orange-yellowish, globular, in kax axillary panicles; petals 4-5; staminal tube globular with 4 anthers.",accept,true,true,true,false,,"Accepted after exact species-rank synonym and family agreement in WFO June 2026 and GBIF, complete treatment quote, ontology and non-cultivar review; multistate floral values retained.",Codex IISc two-backbone synonym full candidate audit,2026-08-12T14:29:00Z
485d75a617775ef950dcdc8b,Arachnis clarkei,Esmeralda clarkei,flower_primary_color,green_brown_inconspicuous|red_pink|yellow_orange,https://indiaflora-ces.iisc.ac.in/herbsheet.php?id=4598&cat=13,"Flowers slightly fragrant, opening widely, pale yellow with reddish brown transverse stripes",accept,true,true,true,false,,"Accepted after exact species-rank synonym and family agreement in WFO June 2026 and GBIF, complete treatment quote, ontology and non-cultivar review; multistate floral values retained.",Codex IISc two-backbone synonym full candidate audit,2026-08-12T14:29:00Z
ff5b6ffcdbbceadebde3fc78,Archidendron bigeminum,Archidendron monadelphum,flower_primary_color,white,https://indiaflora-ces.iisc.ac.in/herbsheet.php?id=823&cat=13,"An unarmed tree, leaves bipinnate, petiole 3-4 cm long with gland above the middle, pinnae 1-2 pairs, up to 15 cm long, glands between all leaflets, leaflets 3-4 pairs, 15cm long, 5 cm broad, flowers white, pod circinate, brown outside, orange red within",accept,true,true,true,false,,"Accepted after exact species-rank synonym and family agreement in WFO June 2026 and GBIF, complete treatment quote, ontology and non-cultivar review; multistate floral values retained.",Codex IISc two-backbone synonym full candidate audit,2026-08-12T14:29:00Z
192ca491d8903ba2d45cfca0,Ardisia rothii,Ardisia missionis,flower_primary_color,red_pink,https://indiaflora-ces.iisc.ac.in/herbsheet.php?id=841&cat=13,Corolla pink; lobes with resinous dots.,accept,true,true,true,false,,"Accepted after exact species-rank synonym and family agreement in WFO June 2026 and GBIF, complete treatment quote, ontology and non-cultivar review; multistate floral values retained.",Codex IISc two-backbone synonym full candidate audit,2026-08-12T14:29:00Z
20f1623873a4fda015ca82ef,Balakata baccata,Sapium baccatum,flower_primary_color,blue_purple|red_pink|yellow_orange,https://indiaflora-ces.iisc.ac.in/herbsheet.php?id=10412&cat=13,"Trees, 10-35 m high with dense crown; Leaves ovate or ovate-lanceolate, young ones orange coloured; petioles eglandular, reddish; Flowers in terminal racemes, red-purple or yellowish; Fruits globose, purplish.",accept,true,true,true,false,,"Accepted after exact species-rank synonym and family agreement in WFO June 2026 and GBIF, complete treatment quote, ontology and non-cultivar review; multistate floral values retained.",Codex IISc two-backbone synonym full candidate audit,2026-08-12T14:29:00Z
a12e2a3e877d86d43aaad411,Balakata baccata,Sapium baccatum,inflorescence_display,raceme_spike_panicle,https://indiaflora-ces.iisc.ac.in/herbsheet.php?id=10412&cat=13,"Trees, 10-35 m high with dense crown; Leaves ovate or ovate-lanceolate, young ones orange coloured; petioles eglandular, reddish; Flowers in terminal racemes, red-purple or yellowish; Fruits globose, purplish.",accept,true,true,true,false,,"Accepted after exact species-rank synonym and family agreement in WFO June 2026 and GBIF, complete treatment quote, ontology and non-cultivar review; multistate floral values retained.",Codex IISc two-backbone synonym full candidate audit,2026-08-12T14:29:00Z
59d2d76077128c1f993260d4,Baliospermum solanifolium,Baliospermum montanum,flower_primary_color,red_pink|white,https://indiaflora-ces.iisc.ac.in/herbsheet.php?id=1241&cat=13,"Undershrubs, up to 2 m high; sparingly branched; Leaves lanceolate, ovate or ovate-oblong, biglandular at base, sinuate-dentate; Flowers in axillary racemes or panicles, creamy white with pinkish tinge; Fruits obovoid.",accept,true,true,true,false,,"Accepted after exact species-rank synonym and family agreement in WFO June 2026 and GBIF, complete treatment quote, ontology and non-cultivar review; multistate floral values retained.",Codex IISc two-backbone synonym full candidate audit,2026-08-12T14:29:00Z
b92267194beeb915defcbc13,Benkara griffithii,Randia griffithii,flower_primary_color,white|yellow_orange,https://indiaflora-ces.iisc.ac.in/herbsheet.php?id=13201&cat=13,"Shrubs or small trees with ascending spines; branches straggling; Leaves ovate or ovate-Ianceolate, glabrous; Flowers in terminal or axillary, few flowered cymes, white or pale yellow; Berries globose, black.",accept,true,true,true,false,,"Accepted after exact species-rank synonym and family agreement in WFO June 2026 and GBIF, complete treatment quote, ontology and non-cultivar review; multistate floral values retained.",Codex IISc two-backbone synonym full candidate audit,2026-08-12T14:29:00Z
0852773168224ae23a811e30,Boehmeria caudata,Boehmeria tenuistachys,flower_primary_color,green_brown_inconspicuous,https://indiaflora-ces.iisc.ac.in/herbsheet.php?id=14388&cat=13,"Small trees; Leaves ovate, 5-nerved, coarsely serrate, glabrous; Flowers large in pendulous, greenish brown spikes.",accept,true,true,true,false,,"Accepted after exact species-rank synonym and family agreement in WFO June 2026 and GBIF, complete treatment quote, ontology and non-cultivar review; multistate floral values retained.",Codex IISc two-backbone synonym full candidate audit,2026-08-12T14:29:00Z
af0555fc4b9ef3054f4076c5,Bomarea multiflora,Bomarea caldasiana,floral_form,funnel_trumpet,https://indiaflora-ces.iisc.ac.in/herbsheet.php?id=1536&cat=13,"Leaves narrow, oblong; Flowers funnel-shaped in rounded clusters, bright red to orange colour; Fruit lobed, bright red fruit.",accept,true,true,true,false,,"Accepted after exact species-rank synonym and family agreement in WFO June 2026 and GBIF, complete treatment quote, ontology and non-cultivar review; multistate floral values retained.",Codex IISc two-backbone synonym full candidate audit,2026-08-12T14:29:00Z
fd9de740c2c8568305bf16e2,Calanthe mishmensis,Phaius mishmensis,flower_primary_color,red_pink|yellow_orange,https://indiaflora-ces.iisc.ac.in/herbsheet.php?id=13436&cat=13,"Herbs; Pseudobulbs naked below; Leaves elliptic- lanceolate, acute; Flowers rose coloured ; spur yellow.",accept,true,true,true,false,,"Accepted after exact species-rank synonym and family agreement in WFO June 2026 and GBIF, complete treatment quote, ontology and non-cultivar review; multistate floral values retained.",Codex IISc two-backbone synonym full candidate audit,2026-08-12T14:29:00Z
897fb7970925e7c876b01882,Calanthe woodfordii,Phaius flavus,flower_primary_color,green_brown_inconspicuous|yellow_orange,https://indiaflora-ces.iisc.ac.in/herbsheet.php?id=13435&cat=13,"Herbs; Pseudo bulbs ovoid cylindric; Leaves 4 - 6, elliptic to lanceolate, plicate; Flowers yellow 'with darker stripes ; terminal lobe of lip brown.",accept,true,true,true,false,,"Accepted after exact species-rank synonym and family agreement in WFO June 2026 and GBIF, complete treatment quote, ontology and non-cultivar review; multistate floral values retained.",Codex IISc two-backbone synonym full candidate audit,2026-08-12T14:29:00Z
86bb7785e3f6efd8eb7cea53,Cleisostomopsis filiformis,Seidenfadeniella filiformis,flower_primary_color,red_pink|yellow_orange,https://indiaflora-ces.iisc.ac.in/herbsheet.php?id=10709&cat=13,Flowers orange with red striations,accept,true,true,true,false,,"Accepted after exact species-rank synonym and family agreement in WFO June 2026 and GBIF, complete treatment quote, ontology and non-cultivar review; multistate floral values retained.",Codex IISc two-backbone synonym full candidate audit,2026-08-12T14:29:00Z
35db45ac5f32b8b00f7e8410,Codiocarpus andamanicus,Gomphandra andamanica,flower_primary_color,white,https://indiaflora-ces.iisc.ac.in/herbsheet.php?id=5444&cat=13,"Flowers white , in compact cymes, axillary or form the scars of the fallen leaves; petals 5 lanceolate; stamens glabrous.",accept,true,true,true,false,,"Accepted after exact species-rank synonym and family agreement in WFO June 2026 and GBIF, complete treatment quote, ontology and non-cultivar review; multistate floral values retained.",Codex IISc two-backbone synonym full candidate audit,2026-08-12T14:29:00Z
6268228259ee666794d48579,Codiocarpus andamanicus,Gomphandra andamanica,inflorescence_display,umbel_corymb,https://indiaflora-ces.iisc.ac.in/herbsheet.php?id=5444&cat=13,"Flowers white , in compact cymes, axillary or form the scars of the fallen leaves; petals 5 lanceolate; stamens glabrous.",accept,true,true,true,false,,"Accepted after exact species-rank synonym and family agreement in WFO June 2026 and GBIF, complete treatment quote, ontology and non-cultivar review; multistate floral values retained.",Codex IISc two-backbone synonym full candidate audit,2026-08-12T14:29:00Z
0311478de088312548a4a23f,Coelogyne tricallosa,Panisea tricallosa,flower_primary_color,yellow_orange,https://indiaflora-ces.iisc.ac.in/herbsheet.php?id=13994&cat=13,"Epiphytic herbs; Pseudobulbs oblique, adpressed to rhizomes; Leaves elliptic-lanceolate, puberulous in both surfaces; Scapes shorter than leaves; Flowers solitary, pale-yellow.",accept,true,true,true,false,,"Accepted after exact species-rank synonym and family agreement in WFO June 2026 and GBIF, complete treatment quote, ontology and non-cultivar review; multistate floral values retained.",Codex IISc two-backbone synonym full candidate audit,2026-08-12T14:29:00Z
f7263aa8e3fb2a211850cca3,Cryptochilus strictus,Eria stricta,flower_primary_color,red_pink|white|yellow_orange,https://indiaflora-ces.iisc.ac.in/herbsheet.php?id=13371&cat=13,"Epiphytes; Pseudobulbs crowded, cylindric; Leaves 2, oblong-elliptic, sessile; Flowers white flushed with pink, column yellow.",accept,true,true,true,false,,"Accepted after exact species-rank synonym and family agreement in WFO June 2026 and GBIF, complete treatment quote, ontology and non-cultivar review; multistate floral values retained.",Codex IISc two-backbone synonym full candidate audit,2026-08-12T14:29:00Z
b6adf7f70dd72366f2fd6ded,Decalobanthus mammosus,Merremia mammosa,flower_primary_color,white,https://indiaflora-ces.iisc.ac.in/herbsheet.php?id=14451&cat=13,"Large twiners on tall trees; younger parts hairy; Leaves ovate, cordate; Flowers in axillary, corymbose cymes, white; Capsules globose.",accept,true,true,true,false,,"Accepted after exact species-rank synonym and family agreement in WFO June 2026 and GBIF, complete treatment quote, ontology and non-cultivar review; multistate floral values retained.",Codex IISc two-backbone synonym full candidate audit,2026-08-12T14:29:00Z
150cfc25d4b7baf7708d12da,Decaneuropsis vagans,Vernonia vagans,inflorescence_display,raceme_spike_panicle,https://indiaflora-ces.iisc.ac.in/herbsheet.php?id=13741&cat=13,"Rambling, woody climbers, with terete-striate, angulate, sparsely pubescent branches; Leaves petioled, elliptic-lanceolate, ovate, acute, cuneate or acute at base, margins quite entire, glabrous or sparsely puberulous on both surfaces; Heads 5-10 flowered, in terminal, leafy panicles; Involucral bracts few-seriate, linear-lanceolate or ovate, acute, obtuse, glabrous outside, with scarious margins; Florets white; Achenes 10-ribbed, compressed, glandular-pilose or glabrous; Pappus red, outer hairs few, paleaceous, deciduous.",accept,true,true,true,false,,"Accepted after exact species-rank synonym and family agreement in WFO June 2026 and GBIF, complete treatment quote, ontology and non-cultivar review; multistate floral values retained.",Codex IISc two-backbone synonym full candidate audit,2026-08-12T14:29:00Z
6baf0457cf9c63bbb05e8d61,Dendrolirium tomentosum,Eria tomentosa,inflorescence_display,raceme_spike_panicle,https://indiaflora-ces.iisc.ac.in/herbsheet.php?id=13958&cat=13,"Epiphytic herbs; Pseudobulbs ovoid; Leaves 3-4, elliptic-oblong; Flowers in terminal raceme, brown, tomentose; rachis brown villous; Lip oblong, 3-lobed, strongly nerved.",accept,true,true,true,false,,"Accepted after exact species-rank synonym and family agreement in WFO June 2026 and GBIF, complete treatment quote, ontology and non-cultivar review; multistate floral values retained.",Codex IISc two-backbone synonym full candidate audit,2026-08-12T14:29:00Z
b5dbb65081e587e1b7d57866,Dichanthium foveolatum,Eremopogon foveolatus,flower_primary_color,green_brown_inconspicuous|yellow_orange,https://indiaflora-ces.iisc.ac.in/herbsheet.php?id=4419&cat=13,"Perennial grass; Leaves long, slender; Flowers small, yellow-green spikelet with a single floret; Seed small, dark brown caryopsis.",accept,true,true,true,false,,"Accepted after exact species-rank synonym and family agreement in WFO June 2026 and GBIF, complete treatment quote, ontology and non-cultivar review; multistate floral values retained.",Codex IISc two-backbone synonym full candidate audit,2026-08-12T14:29:00Z
c5e68b2fb81a3e895e361413,Dichocarpum adiantifolium,Isopyrum adiantifolium,flower_primary_color,white,https://indiaflora-ces.iisc.ac.in/herbsheet.php?id=6590&cat=13,"Flowers in dichasium, actinomorphic, without spur, white; sepals pelaloid.",accept,true,true,true,false,,"Accepted after exact species-rank synonym and family agreement in WFO June 2026 and GBIF, complete treatment quote, ontology and non-cultivar review; multistate floral values retained.",Codex IISc two-backbone synonym full candidate audit,2026-08-12T14:29:00Z
6be306e732bfd6ba39ae3616,Dicliptera fera,Peristrophe fera,flower_primary_color,blue_purple|red_pink,https://indiaflora-ces.iisc.ac.in/herbsheet.php?id=14453&cat=13,"Erect, spreading herbs; Leaves ovate-lanceolate; petioles long, acuminate at apex, more or less pubescent; Flowers rose or purple; Capsules ellipsoid, stalked, 4-seeded.",accept,true,true,true,false,,"Accepted after exact species-rank synonym and family agreement in WFO June 2026 and GBIF, complete treatment quote, ontology and non-cultivar review; multistate floral values retained.",Codex IISc two-backbone synonym full candidate audit,2026-08-12T14:29:00Z
20b323e0ebf6fc5fc3d6df3a,Diospyros toposia,Diospyros racemosa,flower_primary_color,white,https://indiaflora-ces.iisc.ac.in/herbsheet.php?id=3957&cat=13,"Medium sized trees, much branched; Leaves oblong-acuminate, coriaceous, glabrous; Flowers in short peduncled cymes, white; calyx irregularly lobed, persistent; Fruits subsessile, ellipsoid or subglobose, villous, 1-4 -seeded.",accept,true,true,true,false,,"Accepted after exact species-rank synonym and family agreement in WFO June 2026 and GBIF, complete treatment quote, ontology and non-cultivar review; multistate floral values retained.",Codex IISc two-backbone synonym full candidate audit,2026-08-12T14:29:00Z
bd77555c1975e0252d934dab,Dipterocarpus alatus,Dipterocarpus incanus,flower_primary_color,red_pink|white|yellow_orange,https://indiaflora-ces.iisc.ac.in/herbsheet.php?id=4000&cat=13,"Flowers white or yellowish-white, with a light crimson streak down the centre.",accept,true,true,true,false,,"Accepted after exact species-rank synonym and family agreement in WFO June 2026 and GBIF, complete treatment quote, ontology and non-cultivar review; multistate floral values retained.",Codex IISc two-backbone synonym full candidate audit,2026-08-12T14:29:00Z
a8091d5d134245933569e9f4,Dipterocarpus grandiflorus,Dipterocarpus griffithii,flower_primary_color,red_pink|white,https://indiaflora-ces.iisc.ac.in/herbsheet.php?id=3999&cat=13,"Flowers handsome, petals 2 in. long, white with dark crimson down the centre.",accept,true,true,true,false,,"Accepted after exact species-rank synonym and family agreement in WFO June 2026 and GBIF, complete treatment quote, ontology and non-cultivar review; multistate floral values retained.",Codex IISc two-backbone synonym full candidate audit,2026-08-12T14:29:00Z
34b3e4040ed6b19b1d46cbad,Elaeodendron paniculatum,Cassine paniculata,flower_primary_color,green_brown_inconspicuous|yellow_orange,https://indiaflora-ces.iisc.ac.in/herbsheet.php?id=2223&cat=13,Flowers greenish-yellow; petals spathulate.,accept,true,true,true,false,,"Accepted after exact species-rank synonym and family agreement in WFO June 2026 and GBIF, complete treatment quote, ontology and non-cultivar review; multistate floral values retained.",Codex IISc two-backbone synonym full candidate audit,2026-08-12T14:29:00Z
8a9c1ab6ae272d70307b5a6e,Eriocapitella vitifolia,Anemone vitifolia,flower_primary_color,red_pink|white,https://indiaflora-ces.iisc.ac.in/herbsheet.php?id=689&cat=13,"Flowers pinkish white, pubescent outside.",accept,true,true,true,false,,"Accepted after exact species-rank synonym and family agreement in WFO June 2026 and GBIF, complete treatment quote, ontology and non-cultivar review; multistate floral values retained.",Codex IISc two-backbone synonym full candidate audit,2026-08-12T14:29:00Z
536a9a33a400d19a72e2d880,Erythranthe nepalensis,Mimulus nepalensis,flower_primary_color,yellow_orange,https://indiaflora-ces.iisc.ac.in/herbsheet.php?id=7885&cat=13,"Prostrate herbs, up to 25 cm long; Leaves ovate, coarsely serrate; Flowers axillary, solitary, yellow; pedicels usually longer than leaves; Capsules ovate-lanceolate.",accept,true,true,true,false,,"Accepted after exact species-rank synonym and family agreement in WFO June 2026 and GBIF, complete treatment quote, ontology and non-cultivar review; multistate floral values retained.",Codex IISc two-backbone synonym full candidate audit,2026-08-12T14:29:00Z
08bc093fc458f2c1d6fc346f,Globba pendula,Globba siamensium,flower_primary_color,blue_purple|yellow_orange,https://indiaflora-ces.iisc.ac.in/herbsheet.php?id=13498&cat=13,"Perennial herbs; Leaves oblong, caudate; Branches and rhachis slender; Flowers yellow tinged with lilac smaller corolla tube; Capsules cylindric smooth.",accept,true,true,true,false,,"Accepted after exact species-rank synonym and family agreement in WFO June 2026 and GBIF, complete treatment quote, ontology and non-cultivar review; multistate floral values retained.",Codex IISc two-backbone synonym full candidate audit,2026-08-12T14:29:00Z
abe673d2e6e0df655b09640c,Goniothalamus macranthus,Melodorum macranthum,flower_primary_color,green_brown_inconspicuous,https://indiaflora-ces.iisc.ac.in/herbsheet.php?id=7719&cat=13,"Flowers greenish, in fascicles of 1-3 on the branchlets below the leaves; outer petals linear-lanceolate, up to 5 in. long, the inner 1-1.5 in. long.",accept,true,true,true,false,,"Accepted after exact species-rank synonym and family agreement in WFO June 2026 and GBIF, complete treatment quote, ontology and non-cultivar review; multistate floral values retained.",Codex IISc two-backbone synonym full candidate audit,2026-08-12T14:29:00Z
e209172fac4b35fcfb895cce,Gonostegia triandra,Pouzolzia hirta,flower_primary_color,green_brown_inconspicuous,https://indiaflora-ces.iisc.ac.in/herbsheet.php?id=9604&cat=13,"Flowers brownish in axillary, sessile clusters with strigose, grey, hooked hairs; Achenes ellipsoid, dull black.",accept,true,true,true,false,,"Accepted after exact species-rank synonym and family agreement in WFO June 2026 and GBIF, complete treatment quote, ontology and non-cultivar review; multistate floral values retained.",Codex IISc two-backbone synonym full candidate audit,2026-08-12T14:29:00Z
45f30102ccef037da96394a9,Haplanthus laxiflorus,Andrographis laxiflora,flower_primary_color,blue_purple|red_pink,https://indiaflora-ces.iisc.ac.in/herbsheet.php?id=14520&cat=13,"Perennial, trailing herbs, 30-60 cm tall; Leaves ovate or lanceolate, glabrous or pubescent on nerves; Flowers in lax, simple or compound spikes, very small, pink-violet; Capsules pubescent, ultimately glabrous, 6-12 seeded.",accept,true,true,true,false,,"Accepted after exact species-rank synonym and family agreement in WFO June 2026 and GBIF, complete treatment quote, ontology and non-cultivar review; multistate floral values retained.",Codex IISc two-backbone synonym full candidate audit,2026-08-12T14:29:00Z
e8e7d30025ffc60d9ed108d2,Hepatica falconeri,Anemone falconeri,flower_primary_color,white,https://indiaflora-ces.iisc.ac.in/herbsheet.php?id=14763&cat=13,"Softly hairy herb; Radical leaves; Flowers white; Achenes oblong, angled, silky",accept,true,true,true,false,,"Accepted after exact species-rank synonym and family agreement in WFO June 2026 and GBIF, complete treatment quote, ontology and non-cultivar review; multistate floral values retained.",Codex IISc two-backbone synonym full candidate audit,2026-08-12T14:29:00Z
c07952a1f3f16c656b83b04b,Hoya verticillata,Hoya parasitica,flower_primary_color,blue_purple|red_pink|white,https://indiaflora-ces.iisc.ac.in/herbsheet.php?id=5997&cat=13,"Tall climbers; stem and branches stout, glabrous; Leaves very variable, thickly fleshy or coriaceous, ovate-elliptic or lanceolate, acute or acuminate; Inflrorescence axiliary or terminal, dcense umbel; Flowers white, centre purplish; corona pinkish, lobes lanceolate; Follicles long, straight, glabrous.",accept,true,true,true,false,,"Accepted after exact species-rank synonym and family agreement in WFO June 2026 and GBIF, complete treatment quote, ontology and non-cultivar review; multistate floral values retained.",Codex IISc two-backbone synonym full candidate audit,2026-08-12T14:29:00Z
03149933999b9a9c3def13f3,Hubera cerasoides,Polyalthia cerasoides,flower_primary_color,green_brown_inconspicuous|white,https://indiaflora-ces.iisc.ac.in/herbsheet.php?id=9395&cat=13,"2-7 m high with spreading crown; Leaves oblong-lanceolate; Flowers solitary on axillary tubercles, 0.8-1.2 cm across, greenish white; Fruits ellipsoid or ovoid, dark red when ripe",accept,true,true,true,false,,"Accepted after exact species-rank synonym and family agreement in WFO June 2026 and GBIF, complete treatment quote, ontology and non-cultivar review; multistate floral values retained.",Codex IISc two-backbone synonym full candidate audit,2026-08-12T14:29:00Z
fa9e5c20c8ca65d1fb353cba,Hydnocarpus castaneus,Hydnocarpus anthelminthicus,flower_primary_color,green_brown_inconspicuous|white,https://indiaflora-ces.iisc.ac.in/herbsheet.php?id=6023&cat=13,"Flowers greenish-white, fragrant, in fascicles from the scars of the fallen leaves.",accept,true,true,true,false,,"Accepted after exact species-rank synonym and family agreement in WFO June 2026 and GBIF, complete treatment quote, ontology and non-cultivar review; multistate floral values retained.",Codex IISc two-backbone synonym full candidate audit,2026-08-12T14:29:00Z
8aeb338e2e492d895fb5988c,Isodon repens,Rabdosia repens,flower_primary_color,white,https://indiaflora-ces.iisc.ac.in/herbsheet.php?id=14549&cat=13,"Small herbs; lower parts often prostrate, pubescent or villous; Leaves ovate to suborbicular, sparsely hairy; Flowers in terminal or axillary racemes, white; Nutlets broadly oblong, minute.",accept,true,true,true,false,,"Accepted after exact species-rank synonym and family agreement in WFO June 2026 and GBIF, complete treatment quote, ontology and non-cultivar review; multistate floral values retained.",Codex IISc two-backbone synonym full candidate audit,2026-08-12T14:29:00Z
68899126c407405e988e5ec0,Kayea assamica,Mesua assamica,flower_primary_color,white,https://indiaflora-ces.iisc.ac.in/herbsheet.php?id=12733&cat=13,"Evergreen Tree, 10-20 m high, branches yellowish; Leaves ovate or elliptic-lanceolate; Flowers in axillary or terminal fascicled panicles, white; Fruits globose, depressed.",accept,true,true,true,false,,"Accepted after exact species-rank synonym and family agreement in WFO June 2026 and GBIF, complete treatment quote, ontology and non-cultivar review; multistate floral values retained.",Codex IISc two-backbone synonym full candidate audit,2026-08-12T14:29:00Z
6e3ff376e262e44c6368c938,Kayea assamica,Mesua assamica,inflorescence_display,raceme_spike_panicle,https://indiaflora-ces.iisc.ac.in/herbsheet.php?id=12733&cat=13,"Evergreen Tree, 10-20 m high, branches yellowish; Leaves ovate or elliptic-lanceolate; Flowers in axillary or terminal fascicled panicles, white; Fruits globose, depressed.",accept,true,true,true,false,,"Accepted after exact species-rank synonym and family agreement in WFO June 2026 and GBIF, complete treatment quote, ontology and non-cultivar review; multistate floral values retained.",Codex IISc two-backbone synonym full candidate audit,2026-08-12T14:29:00Z
11651444832eb41d38bfb69f,Litsea khasyana,Litsea meissneri,flower_primary_color,yellow_orange,https://indiaflora-ces.iisc.ac.in/herbsheet.php?id=12766&cat=13,"Small or medium sized trees, up to 15 m high; younger parts sparsely pubescent; Leaves oblong-Ianceolate to oblong-elliptic; Flowers in umbellule heads, yellowish, pubescent; Fruits globose, depressed.",accept,true,true,true,false,,"Accepted after exact species-rank synonym and family agreement in WFO June 2026 and GBIF, complete treatment quote, ontology and non-cultivar review; multistate floral values retained.",Codex IISc two-backbone synonym full candidate audit,2026-08-12T14:29:00Z
cd6d3ea3b9f8d591bfc63c81,Lysimachia tetragona,Lysimachia alternifolia,flower_primary_color,yellow_orange,https://indiaflora-ces.iisc.ac.in/herbsheet.php?id=7453&cat=13,"Pubescent or slightly hairy herbs; Flowers yellow, solitary, axillary.",accept,true,true,true,false,,"Accepted after exact species-rank synonym and family agreement in WFO June 2026 and GBIF, complete treatment quote, ontology and non-cultivar review; multistate floral values retained.",Codex IISc two-backbone synonym full candidate audit,2026-08-12T14:29:00Z
c81a00507b532b61d3eb71c8,Mackaya neesiana,Asystasia neesiana,flower_primary_color,red_pink,https://indiaflora-ces.iisc.ac.in/herbsheet.php?id=14594&cat=13,"Undershrubs; branches spreading; Leaves large, broadly elliptic, acute, sparingly pubescent, lower long petiolate, uppermost sessile; Flowers in elongate, very lax, pubescent racemes, pink; Capsules pubescent, 4-seeded.",accept,true,true,true,false,,"Accepted after exact species-rank synonym and family agreement in WFO June 2026 and GBIF, complete treatment quote, ontology and non-cultivar review; multistate floral values retained.",Codex IISc two-backbone synonym full candidate audit,2026-08-12T14:29:00Z
ac5a1c114a35689c79b41667,Macrosolen avenis,Loranthus hypoglaucus,flower_primary_color,red_pink,https://indiaflora-ces.iisc.ac.in/herbsheet.php?id=14596&cat=13,"Shrubs; Leaves lanceolate or elliptic-Ianceolate, glabrous, glaucous beneath; Flowers in axillary, short peduncled racemes, red.",accept,true,true,true,false,,"Accepted after exact species-rank synonym and family agreement in WFO June 2026 and GBIF, complete treatment quote, ontology and non-cultivar review; multistate floral values retained.",Codex IISc two-backbone synonym full candidate audit,2026-08-12T14:29:00Z
ebfd8980e941156c35ff0f7b,Magnolia baillonii,Michelia baillonii,flower_primary_color,white,https://indiaflora-ces.iisc.ac.in/herbsheet.php?id=7812&cat=13,"Flowers axillary, solitary, ca 3 cm across, pale white.",accept,true,true,true,false,,"Accepted after exact species-rank synonym and family agreement in WFO June 2026 and GBIF, complete treatment quote, ontology and non-cultivar review; multistate floral values retained.",Codex IISc two-backbone synonym full candidate audit,2026-08-12T14:29:00Z
946836fd8a297c87e99ac761,Mappianthus hookerianus,Iodes hookeriana,flower_primary_color,white,https://indiaflora-ces.iisc.ac.in/herbsheet.php?id=12836&cat=13,"Large climbing shrubs; Leaves obovate, pilose beneath; Flowers in axillary cymes, white; Drupes ellipsoid, orange red.",accept,true,true,true,false,,"Accepted after exact species-rank synonym and family agreement in WFO June 2026 and GBIF, complete treatment quote, ontology and non-cultivar review; multistate floral values retained.",Codex IISc two-backbone synonym full candidate audit,2026-08-12T14:29:00Z
3baba8c9dd2836950b1b87a0,Microcos calophylla,Grewia calophylla,flower_primary_color,white,https://indiaflora-ces.iisc.ac.in/herbsheet.php?id=5505&cat=13,"Flowers's cream-colored, with a pungent smell and arranged in terminal few-flowered panicles; stamens deep-yellow.",accept,true,true,true,false,,"Accepted after exact species-rank synonym and family agreement in WFO June 2026 and GBIF, complete treatment quote, ontology and non-cultivar review; multistate floral values retained.",Codex IISc two-backbone synonym full candidate audit,2026-08-12T14:29:00Z
4736543a793538bfcfd86713,Morella esculenta,Myrica esculenta,flower_primary_color,green_brown_inconspicuous|yellow_orange,https://indiaflora-ces.iisc.ac.in/herbsheet.php?id=8057&cat=13,"Small trees, 5-15 m high; Leaves terminally crowded, oblanceolate-elliptic, glabrous, pale to rust coloured beneath; Flowers in panicles, minute, unisexual, greenish yellow; Fruits ovoid-oblong, tubercled, green to red.",accept,true,true,true,false,,"Accepted after exact species-rank synonym and family agreement in WFO June 2026 and GBIF, complete treatment quote, ontology and non-cultivar review; multistate floral values retained.",Codex IISc two-backbone synonym full candidate audit,2026-08-12T14:29:00Z
9b719c672364292bc49a1fed,Narenga fallax,Saccharum fallax,inflorescence_display,raceme_spike_panicle,https://indiaflora-ces.iisc.ac.in/herbsheet.php?id=10292&cat=13,Culms 2.4-3 m and 1.5-1.8 cm dia.; rusty tomentose below the large panicle,accept,true,true,true,false,,"Accepted after exact species-rank synonym and family agreement in WFO June 2026 and GBIF, complete treatment quote, ontology and non-cultivar review; multistate floral values retained.",Codex IISc two-backbone synonym full candidate audit,2026-08-12T14:29:00Z
7f0b67ab001cd921bba792db,Pachygone ovata,Pachygone zeylanica,flower_primary_color,red_pink,https://indiaflora-ces.iisc.ac.in/herbsheet.php?id=8593&cat=13,Large Climbing shrubs; leaves peltate; flowers dioecious; drupes reniform; red when ripe.,reject,true,false,true,false,red describes the ripe drupe; the treatment does not state a flower colour,red describes the ripe drupe; the treatment does not state a flower colour,Codex IISc two-backbone synonym full candidate audit,2026-08-12T14:29:00Z
efa307d81c3bac30aba1235a,Paris polyphylla,Daiswa polyphylla,inflorescence_display,solitary,https://indiaflora-ces.iisc.ac.in/herbsheet.php?id=3520&cat=13,"Rootstocks annulate; Leaves oblong or oblanceolate, acuminate, petioled, base rounded or acute; Flowers axillary, solitary, sessile or pedicelled, whitish to yellow; Berries green, fleshy, smooth, loculicidal; Seeds ovoid, scarlet.",accept,true,true,true,false,,"Accepted after exact species-rank synonym and family agreement in WFO June 2026 and GBIF, complete treatment quote, ontology and non-cultivar review; multistate floral values retained.",Codex IISc two-backbone synonym full candidate audit,2026-08-12T14:29:00Z
e614022b64e8e04d77f9dada,Phrynium pubinerve,Phrynium capitatum,inflorescence_display,raceme_spike_panicle,https://indiaflora-ces.iisc.ac.in/herbsheet.php?id=9068&cat=13,"Rhizomatous herbs; Leaves oblong or ovate- oblong, cuspidate at apex; Spikes globose on upper half of petioles; peduncles hairy; bracts red, inner one with obtuse, scarious tip; Flowers purplish red; Capsules ellipsoid, woody.",accept,true,true,true,false,,"Accepted after exact species-rank synonym and family agreement in WFO June 2026 and GBIF, complete treatment quote, ontology and non-cultivar review; multistate floral values retained.",Codex IISc two-backbone synonym full candidate audit,2026-08-12T14:29:00Z
bcde488047512ba748f87b55,Phyllanthus glaucus,Hemicicca glauca,flower_primary_color,green_brown_inconspicuous|yellow_orange,https://indiaflora-ces.iisc.ac.in/herbsheet.php?id=14632&cat=13,"Shrubs or small trees, 5-15 m high; branches divericate; Leaves distichous, broadly elliptic to obovate-oblong, glaucous beneath; Flowers axillary, solitary or in fascicles, yellow or greenish yellow; Fruits globose, purplish.",accept,true,true,true,false,,"Accepted after exact species-rank synonym and family agreement in WFO June 2026 and GBIF, complete treatment quote, ontology and non-cultivar review; multistate floral values retained.",Codex IISc two-backbone synonym full candidate audit,2026-08-12T14:29:00Z
078116164336f1e2acea1e2b,Pinalia bractescens,Eria bractescens,flower_primary_color,yellow_orange,https://indiaflora-ces.iisc.ac.in/herbsheet.php?id=13362&cat=13,Epiphytic herbs; Pseudobulbs narrowly cylindric; Leaves elliptic-oblong; Flowers pale yellow.,accept,true,true,true,false,,"Accepted after exact species-rank synonym and family agreement in WFO June 2026 and GBIF, complete treatment quote, ontology and non-cultivar review; multistate floral values retained.",Codex IISc two-backbone synonym full candidate audit,2026-08-12T14:29:00Z
c5b6bb3c29de284629d65480,Pseuduvaria prainii,Mitrephora prainii,flower_primary_color,white|yellow_orange,https://indiaflora-ces.iisc.ac.in/herbsheet.php?id=7909&cat=13,"Flowers .75 in. long, creamy-orange, on slender stalks from the scars of fallen leaves; inner petals densely tomentose, clawed and vaulting over the stamens and forming a cap.",accept,true,true,true,false,,"Accepted after exact species-rank synonym and family agreement in WFO June 2026 and GBIF, complete treatment quote, ontology and non-cultivar review; multistate floral values retained.",Codex IISc two-backbone synonym full candidate audit,2026-08-12T14:29:00Z
169080aa93ba4e89da50bbc9,Stachyphrynium placentarium,Phrynium placentarium,flower_primary_color,white,https://indiaflora-ces.iisc.ac.in/herbsheet.php?id=9069&cat=13,"Rhizomatous herbs; Leaves oblong-Ianceolate, cuspidate-acuminate at apex; Spikes globose, on upper half of petioles; inner bracts with acute spinulose tip; Flowers white; Capsules ellipsoid, wall membranous.",accept,true,true,true,false,,"Accepted after exact species-rank synonym and family agreement in WFO June 2026 and GBIF, complete treatment quote, ontology and non-cultivar review; multistate floral values retained.",Codex IISc two-backbone synonym full candidate audit,2026-08-12T14:29:00Z
e65b0ea40620712790e03a0e,Stachyphrynium placentarium,Phrynium placentarium,inflorescence_display,raceme_spike_panicle,https://indiaflora-ces.iisc.ac.in/herbsheet.php?id=9069&cat=13,"Rhizomatous herbs; Leaves oblong-Ianceolate, cuspidate-acuminate at apex; Spikes globose, on upper half of petioles; inner bracts with acute spinulose tip; Flowers white; Capsules ellipsoid, wall membranous.",accept,true,true,true,false,,"Accepted after exact species-rank synonym and family agreement in WFO June 2026 and GBIF, complete treatment quote, ontology and non-cultivar review; multistate floral values retained.",Codex IISc two-backbone synonym full candidate audit,2026-08-12T14:29:00Z
cc99995e2f515ae313a93dc3,Strobilanthes cordifolia,Phlebophyllum spicatum,flower_primary_color,blue_purple|white,https://indiaflora-ces.iisc.ac.in/herbsheet.php?id=9018&cat=13,Flowers pale blue to white,accept,true,true,true,false,,"Accepted after exact species-rank synonym and family agreement in WFO June 2026 and GBIF, complete treatment quote, ontology and non-cultivar review; multistate floral values retained.",Codex IISc two-backbone synonym full candidate audit,2026-08-12T14:29:00Z
3bdb069c79603760c0c3ecda,Strobilanthes glabrata,Goldfussia glabrata,flower_primary_color,white,https://indiaflora-ces.iisc.ac.in/herbsheet.php?id=14727&cat=13,"Shrubs, up to 2 m tall; Leaves elliptic, cuneate at base, acuminate, serrulate, glabrous; Flowers in ovoid pedunculate heads, white; bracts white or pale yellowish white; Capsules up to 2 cm long; Seeds silky hairy.",accept,true,true,true,false,,"Accepted after exact species-rank synonym and family agreement in WFO June 2026 and GBIF, complete treatment quote, ontology and non-cultivar review; multistate floral values retained.",Codex IISc two-backbone synonym full candidate audit,2026-08-12T14:29:00Z
77c7231ce880d1d209f18967,Strobilanthes glabrata,Goldfussia glabrata,inflorescence_display,composite_display,https://indiaflora-ces.iisc.ac.in/herbsheet.php?id=14727&cat=13,"Shrubs, up to 2 m tall; Leaves elliptic, cuneate at base, acuminate, serrulate, glabrous; Flowers in ovoid pedunculate heads, white; bracts white or pale yellowish white; Capsules up to 2 cm long; Seeds silky hairy.",accept,true,true,true,false,,"Accepted after exact species-rank synonym and family agreement in WFO June 2026 and GBIF, complete treatment quote, ontology and non-cultivar review; multistate floral values retained.",Codex IISc two-backbone synonym full candidate audit,2026-08-12T14:29:00Z
5b29cae1a66e02852d5226ce,Strobilanthes lanata,Strobilanthes gossypina,flower_primary_color,blue_purple,https://indiaflora-ces.iisc.ac.in/herbsheet.php?id=11344&cat=13,"Flowers light lilac, underside of leaves brown.",accept,true,true,true,false,,"Accepted after exact species-rank synonym and family agreement in WFO June 2026 and GBIF, complete treatment quote, ontology and non-cultivar review; multistate floral values retained.",Codex IISc two-backbone synonym full candidate audit,2026-08-12T14:29:00Z
b2501b7fabaafe8604d74c56,Strobilanthes lupulina,Nilgirianthus lupulinus,flower_primary_color,white,https://indiaflora-ces.iisc.ac.in/herbsheet.php?id=8233&cat=13,"Shrubs with glabrous branchlets and leaves; Inflorescence in axillary glabrous spikes; Calyx glabrous; Corolla long, white; Fruit a glabrous capsule bearing biconvex, hairy seeds.",accept,true,true,true,false,,"Accepted after exact species-rank synonym and family agreement in WFO June 2026 and GBIF, complete treatment quote, ontology and non-cultivar review; multistate floral values retained.",Codex IISc two-backbone synonym full candidate audit,2026-08-12T14:29:00Z
e2993aa7101d61ead23546ba,Strobilanthes lupulina,Nilgirianthus lupulinus,inflorescence_display,raceme_spike_panicle,https://indiaflora-ces.iisc.ac.in/herbsheet.php?id=8233&cat=13,"Shrubs with glabrous branchlets and leaves; Inflorescence in axillary glabrous spikes; Calyx glabrous; Corolla long, white; Fruit a glabrous capsule bearing biconvex, hairy seeds.",accept,true,true,true,false,,"Accepted after exact species-rank synonym and family agreement in WFO June 2026 and GBIF, complete treatment quote, ontology and non-cultivar review; multistate floral values retained.",Codex IISc two-backbone synonym full candidate audit,2026-08-12T14:29:00Z
accedbef444e2ee17fcbec1e,Strobilanthes pentastemonoides,Goldfussia pentastemonoides,flower_primary_color,blue_purple,https://indiaflora-ces.iisc.ac.in/herbsheet.php?id=5443&cat=13,"Perennial herbs or shrubs, 1-2.5 m high, much branched, glabrous; Leaves elliptic, acuminate at both ends, glabrous; Inflorescences glandular or hairy heads, 1-3 together; Flowers deep violet; Capsules oblong, clavate, glandular pubescent, 4-seeded.",accept,true,true,true,false,,"Accepted after exact species-rank synonym and family agreement in WFO June 2026 and GBIF, complete treatment quote, ontology and non-cultivar review; multistate floral values retained.",Codex IISc two-backbone synonym full candidate audit,2026-08-12T14:29:00Z
3d68f4eaf5851de69072f31b,Strongyleria pannea,Eria pannea,flower_primary_color,green_brown_inconspicuous|white,https://indiaflora-ces.iisc.ac.in/herbsheet.php?id=13369&cat=13,"Epiphytic wooly herbs; Leaves 1 - 4, cylindric; Sepals and petals white wooly outside; lip brown.",accept,true,true,true,false,,"Accepted after exact species-rank synonym and family agreement in WFO June 2026 and GBIF, complete treatment quote, ontology and non-cultivar review; multistate floral values retained.",Codex IISc two-backbone synonym full candidate audit,2026-08-12T14:29:00Z
2d58a18ae4857bc276e327e3,Symplocos theifolia,Symplocos phyllocalyx,flower_primary_color,white,https://indiaflora-ces.iisc.ac.in/herbsheet.php?id=14240&cat=13,"Large shrubs, 4-5 m tall; young braches green; Leaves oblong, acuminate, serrulate, glabrous, coriaceous; Flowers in sparsely hairy, branched short spikes, white; Fruits ellipsoid, crowned by persistent calyx lobes.",accept,true,true,true,false,,"Accepted after exact species-rank synonym and family agreement in WFO June 2026 and GBIF, complete treatment quote, ontology and non-cultivar review; multistate floral values retained.",Codex IISc two-backbone synonym full candidate audit,2026-08-12T14:29:00Z
9893c6d3a57d01e53680293d,Tetradium trichotomum,Euodia trichotoma,inflorescence_display,raceme_spike_panicle|umbel_corymb,https://indiaflora-ces.iisc.ac.in/herbsheet.php?id=12819&cat=13,"Trees 10-20 m high with dense crown; Leaves 9-11 foHolate, leaflets oblong-Ianceolate; Flowers in axillary or terminal corymbiform cymose panicles, greenish white; Capsules 2-valved, reddish.",accept,true,true,true,false,,"Accepted after exact species-rank synonym and family agreement in WFO June 2026 and GBIF, complete treatment quote, ontology and non-cultivar review; multistate floral values retained.",Codex IISc two-backbone synonym full candidate audit,2026-08-12T14:29:00Z
44a24908108414bbed31df34,Vaccinium sprengelii,Vaccinium forrestii,flower_primary_color,red_pink|white,https://indiaflora-ces.iisc.ac.in/herbsheet.php?id=14157&cat=13,"Bushy shrubs; Flowers creamy white, reddish at base; calyx red.",accept,true,true,true,false,,"Accepted after exact species-rank synonym and family agreement in WFO June 2026 and GBIF, complete treatment quote, ontology and non-cultivar review; multistate floral values retained.",Codex IISc two-backbone synonym full candidate audit,2026-08-12T14:29:00Z
27a23b62944b64a0f6ffc5da,Xerospermum noronhianum,Xerospermum glabratum,flower_primary_color,white|yellow_orange,https://indiaflora-ces.iisc.ac.in/herbsheet.php?id=12946&cat=13,"Trees, 20-35 m high with oval dense crowd; Leaflets lanceolate or elliptic-lanceolate; Flowers in panicled racemes, white or pale yellow; Fruits oblong or ovoid, muricate, yellowish when ripe.",accept,true,true,true,false,,"Accepted after exact species-rank synonym and family agreement in WFO June 2026 and GBIF, complete treatment quote, ontology and non-cultivar review; multistate floral values retained.",Codex IISc two-backbone synonym full candidate audit,2026-08-12T14:29:00Z
5c91560f805cc9af052d3adf,Ziziphus xylopyrus,Ziziphus glaberrima,flower_primary_color,green_brown_inconspicuous|yellow_orange,https://indiaflora-ces.iisc.ac.in/herbsheet.php?id=12604&cat=13,Flowers green; disc yellow; stamens 5,accept,true,true,true,false,,"Accepted after exact species-rank synonym and family agreement in WFO June 2026 and GBIF, complete treatment quote, ontology and non-cultivar review; multistate floral values retained.",Codex IISc two-backbone synonym full candidate audit,2026-08-12T14:29:00Z
