accepted_species,family,axis,trait_name,normalized_value,raw_value,evidence_quality,source_provider,source_url,page_title,source_citation,source_excerpt,source_record_id,source_lineage,lineage_method,source_tier,source_type,domain,language,wild_cultivated_cultivar_status,content_sha256,content_sha256_basis,retrieved_at_utc,query,review_status,source_run_id,source_artifact_id,source_artifact_name,candidate_key,review_decision,review_reason_code,review_reason,accepted_correct,species_identity_correct,cultivar_contamination,provenance_complete,reviewer,reviewed_at_utc
Alternanthera nodiflora,Amaranthaceae,floral_structural_complexity,flower_size_class,very_small,3-4 mm,medium,Flora of Botswana,https://www.botswanaflora.com/speciesdata/species.php?species_id=122530,Flora of Botswana: Species information: Alternanthera nodiflora,Flora of Botswana curated regional-flora species treatment,"Flower tepals ovate acuminate, 3-4 mm long, white or pinkish",botswana-flora:122530:flower_size_class,provider_treatment:botswana_flora:122530,curated_regional_flora_species_treatment,B,curated_regional_flora_species_treatment,botswanaflora.com,en,regional_flora_species_treatment_not_cultivar_limited,ec9084c697870d0ffe729dd87fb3a02662af39ce7b92503e1acabe6d7b56cc2f,retrieved_species_treatment_html_bytes,2026-08-14T03:50:02Z,credential_free_regional_flora_family_index_exact_species_page,pending_individual_review,31767694551,9207019490,regional-flora-network-acquisition-31767694551,2a1ff2daef8a94fb4c91a133,reject,component_measurement_not_whole_flower,"The measurement is for tepals, not whole-flower or corolla size.",False,True,False,True,Codex exact-excerpt regional-flora audit,2026-08-14T04:05:00Z
Paramollugo nudicaulis,Molluginaceae,floral_structural_complexity,flower_size_class,very_small,3-4 mm,medium,Flora of Botswana,https://www.botswanaflora.com/speciesdata/species.php?species_id=122880,Flora of Botswana: Species information: Paramollugo nudicaulis,Flora of Botswana curated regional-flora species treatment,"Flowers 3-4 mm in diameter, terminal on leafless, forked branches, greenish-white.",botswana-flora:122880:flower_size_class,provider_treatment:botswana_flora:122880,curated_regional_flora_species_treatment,B,curated_regional_flora_species_treatment,botswanaflora.com,en,regional_flora_species_treatment_not_cultivar_limited,7bf416f04b642930393cba056db7a1fe95378eb7ce96b748a166bacac906e50b,retrieved_species_treatment_html_bytes,2026-08-14T03:49:33Z,credential_free_regional_flora_family_index_exact_species_page,pending_individual_review,31767694551,9207019490,regional-flora-network-acquisition-31767694551,7491f6286c21fbfb7a530e5e,accept,species_direct_trait_statement_supported,Exact species and family match; the quoted treatment directly states the mapped trait.,True,True,False,True,Codex exact-excerpt regional-flora audit,2026-08-14T04:05:00Z
Agarista salicifolia,Ericaceae,floral_structural_complexity,floral_form,urn_urceolate,"Corolla obconical to slightly urceolate, hairless, 8–10 mm long, pale green tinged pink or red or yellow to creamy-white, lobes 5, small, triangular",medium,Flora of Malawi,https://www.malawiflora.com/speciesdata/species.php?species_id=174620,Flora of Malawi: Species information: Agarista salicifolia,Flora of Malawi curated regional-flora species treatment,"Corolla obconical to slightly urceolate, hairless, 8–10 mm long, pale green tinged pink or red or yellow to creamy-white, lobes 5, small, triangular",malawi-flora:174620:floral_form,provider_treatment:malawi_flora:174620,curated_regional_flora_species_treatment,B,curated_regional_flora_species_treatment,malawiflora.com,en,regional_flora_species_treatment_not_cultivar_limited,c2f8919d9aadc19647b8776ef9cd14a8e2e88d1fb4fecd471c2caf31c37adc89,retrieved_species_treatment_html_bytes,2026-08-14T03:49:26Z,credential_free_regional_flora_family_index_exact_species_page,pending_individual_review,31767694551,9207019490,regional-flora-network-acquisition-31767694551,da146d412c021c041f598b2f,accept,species_direct_trait_statement_supported,Exact species and family match; the quoted treatment directly states the mapped trait.,True,True,False,True,Codex exact-excerpt regional-flora audit,2026-08-14T04:05:00Z
Agarista salicifolia,Ericaceae,flower_colour,flower_primary_color,multicolored_variable,"Corolla obconical to slightly urceolate, hairless, 8–10 mm long, pale green tinged pink or red or yellow to creamy-white, lobes 5, small, triangular",medium,Flora of Malawi,https://www.malawiflora.com/speciesdata/species.php?species_id=174620,Flora of Malawi: Species information: Agarista salicifolia,Flora of Malawi curated regional-flora species treatment,"Corolla obconical to slightly urceolate, hairless, 8–10 mm long, pale green tinged pink or red or yellow to creamy-white, lobes 5, small, triangular",malawi-flora:174620:flower_primary_color,provider_treatment:malawi_flora:174620,curated_regional_flora_species_treatment,B,curated_regional_flora_species_treatment,malawiflora.com,en,regional_flora_species_treatment_not_cultivar_limited,c2f8919d9aadc19647b8776ef9cd14a8e2e88d1fb4fecd471c2caf31c37adc89,retrieved_species_treatment_html_bytes,2026-08-14T03:49:26Z,credential_free_regional_flora_family_index_exact_species_page,pending_individual_review,31767694551,9207019490,regional-flora-network-acquisition-31767694551,f4711b0336de79ff0d34f3fa,accept,species_direct_trait_statement_supported,Exact species and family match; the quoted treatment directly states the mapped trait.,True,True,False,True,Codex exact-excerpt regional-flora audit,2026-08-14T04:05:00Z
Agarista salicifolia,Ericaceae,floral_structural_complexity,flower_size_class,small,8–10 mm,medium,Flora of Malawi,https://www.malawiflora.com/speciesdata/species.php?species_id=174620,Flora of Malawi: Species information: Agarista salicifolia,Flora of Malawi curated regional-flora species treatment,"Corolla obconical to slightly urceolate, hairless, 8–10 mm long, pale green tinged pink or red or yellow to creamy-white, lobes 5, small, triangular",malawi-flora:174620:flower_size_class,provider_treatment:malawi_flora:174620,curated_regional_flora_species_treatment,B,curated_regional_flora_species_treatment,malawiflora.com,en,regional_flora_species_treatment_not_cultivar_limited,c2f8919d9aadc19647b8776ef9cd14a8e2e88d1fb4fecd471c2caf31c37adc89,retrieved_species_treatment_html_bytes,2026-08-14T03:49:26Z,credential_free_regional_flora_family_index_exact_species_page,pending_individual_review,31767694551,9207019490,regional-flora-network-acquisition-31767694551,9b1a3434c7e2b6894df1565d,accept,species_direct_trait_statement_supported,Exact species and family match; the quoted treatment directly states the mapped trait.,True,True,False,True,Codex exact-excerpt regional-flora audit,2026-08-14T04:05:00Z
Biophytum helenae,Oxalidaceae,flower_colour,flower_primary_color,multicolored_variable,"flowers white, pink, lilac or yellow in 3-10-flowered pseudoumbels, peduncle up to 13 cm long, pubescent, pedicels up to 6 mm long, pubescent;",medium,Flora of Malawi,https://www.malawiflora.com/speciesdata/species.php?species_id=178990,Flora of Malawi: Species information: Biophytum helenae,Flora of Malawi curated regional-flora species treatment,"flowers white, pink, lilac or yellow in 3-10-flowered pseudoumbels, peduncle up to 13 cm long, pubescent, pedicels up to 6 mm long, pubescent;",malawi-flora:178990:flower_primary_color,provider_treatment:malawi_flora:178990,curated_regional_flora_species_treatment,B,curated_regional_flora_species_treatment,malawiflora.com,en,regional_flora_species_treatment_not_cultivar_limited,b6e8c3aa0c4e7fe20e945ec3ab15b065df1f0576a532aaeab07bb1e2733d2342,retrieved_species_treatment_html_bytes,2026-08-14T03:49:56Z,credential_free_regional_flora_family_index_exact_species_page,pending_individual_review,31767694551,9207019490,regional-flora-network-acquisition-31767694551,0d0683466b598df84e9a1c39,accept,species_direct_trait_statement_supported,Exact species and family match; the quoted treatment directly states the mapped trait.,True,True,False,True,Codex exact-excerpt regional-flora audit,2026-08-14T04:05:00Z
Bulbostylis filamentosa,Cyperaceae,floral_structural_complexity,inflorescence_display,composite_display,Inflorescence a dense crowded head of many spikelets,medium,Flora of Malawi,https://www.malawiflora.com/speciesdata/species.php?species_id=111300,Flora of Malawi: Species information: Bulbostylis filamentosa,Flora of Malawi curated regional-flora species treatment,Inflorescence a dense crowded head of many spikelets,malawi-flora:111300:inflorescence_display,provider_treatment:malawi_flora:111300,curated_regional_flora_species_treatment,B,curated_regional_flora_species_treatment,malawiflora.com,en,regional_flora_species_treatment_not_cultivar_limited,df95e7835a69107206d50540f301677cfc347cd8585de4a80bfdab97d5c572a1,retrieved_species_treatment_html_bytes,2026-08-14T03:49:27Z,credential_free_regional_flora_family_index_exact_species_page,pending_individual_review,31767694551,9207019490,regional-flora-network-acquisition-31767694551,e8f11fe984e63d3fdf6a9e1a,accept,species_direct_trait_statement_supported,Exact species and family match; the quoted treatment directly states the mapped trait.,True,True,False,True,Codex exact-excerpt regional-flora audit,2026-08-14T04:05:00Z
Bulbostylis schoenoides,Cyperaceae,floral_structural_complexity,inflorescence_display,composite_display,"Young leaf sheaths pale brown to wine red . Inflorescence a compact head, composed of 1-5 obtuse spikelets ;",medium,Flora of Malawi,https://www.malawiflora.com/speciesdata/species.php?species_id=111360,Flora of Malawi: Species information: Bulbostylis schoenoides,Flora of Malawi curated regional-flora species treatment,"Young leaf sheaths pale brown to wine red . Inflorescence a compact head, composed of 1-5 obtuse spikelets ;",malawi-flora:111360:inflorescence_display,provider_treatment:malawi_flora:111360,curated_regional_flora_species_treatment,B,curated_regional_flora_species_treatment,malawiflora.com,en,regional_flora_species_treatment_not_cultivar_limited,c45304b6b4f00196f51613406fad0340a3cf3bd5fcba7cf8a62fab67f194226f,retrieved_species_treatment_html_bytes,2026-08-14T03:49:27Z,credential_free_regional_flora_family_index_exact_species_page,pending_individual_review,31767694551,9207019490,regional-flora-network-acquisition-31767694551,f18587caec0a89c1cdedb57f,accept,species_direct_trait_statement_supported,Exact species and family match; the quoted treatment directly states the mapped trait.,True,True,False,True,Codex exact-excerpt regional-flora audit,2026-08-14T04:05:00Z
Carex chlorosaccus,Cyperaceae,floral_structural_complexity,inflorescence_display,raceme_spike_panicle,"Inflorescence a slender, much-branched panicle, 8-50 cm long, green;",medium,Flora of Malawi,https://www.malawiflora.com/speciesdata/species.php?species_id=227700,Flora of Malawi: Species information: Carex chlorosaccus,Flora of Malawi curated regional-flora species treatment,"Inflorescence a slender, much-branched panicle, 8-50 cm long, green;",malawi-flora:227700:inflorescence_display,provider_treatment:malawi_flora:227700,curated_regional_flora_species_treatment,B,curated_regional_flora_species_treatment,malawiflora.com,en,regional_flora_species_treatment_not_cultivar_limited,cd126d83f5323b4fe3a24ada053426e13672dee146b62896a8aa1339a3acf42f,retrieved_species_treatment_html_bytes,2026-08-14T03:49:46Z,credential_free_regional_flora_family_index_exact_species_page,pending_individual_review,31767694551,9207019490,regional-flora-network-acquisition-31767694551,46890c612bb34171f52b9e00,accept,species_direct_trait_statement_supported,Exact species and family match; the quoted treatment directly states the mapped trait.,True,True,False,True,Codex exact-excerpt regional-flora audit,2026-08-14T04:05:00Z
Coleochloa setifera,Cyperaceae,floral_structural_complexity,inflorescence_display,raceme_spike_panicle,"Inflorescence a lax, slender, erect or curved panicle, composed of 1-3 fascicles of spikes;",medium,Flora of Malawi,https://www.malawiflora.com/speciesdata/species.php?species_id=111580,Flora of Malawi: Species information: Coleochloa setifera,Flora of Malawi curated regional-flora species treatment,"Inflorescence a lax, slender, erect or curved panicle, composed of 1-3 fascicles of spikes;",malawi-flora:111580:inflorescence_display,provider_treatment:malawi_flora:111580,curated_regional_flora_species_treatment,B,curated_regional_flora_species_treatment,malawiflora.com,en,regional_flora_species_treatment_not_cultivar_limited,947c473c21078995f2ebbfbcc7611de45ee10498e1cf485b2eaf9921fa62374a,retrieved_species_treatment_html_bytes,2026-08-14T03:49:26Z,credential_free_regional_flora_family_index_exact_species_page,pending_individual_review,31767694551,9207019490,regional-flora-network-acquisition-31767694551,85ef7c7b890bd9b046427861,accept,species_direct_trait_statement_supported,Exact species and family match; the quoted treatment directly states the mapped trait.,True,True,False,True,Codex exact-excerpt regional-flora audit,2026-08-14T04:05:00Z
Cyperus hemisphaericus,Cyperaceae,floral_structural_complexity,inflorescence_display,composite_display,"Inflorescence a large terminal subcapitate head of clusters of spikelets, cream to pale yellow .",medium,Flora of Malawi,https://www.malawiflora.com/speciesdata/species.php?species_id=110300,Flora of Malawi: Species information: Cyperus hemisphaericus,Flora of Malawi curated regional-flora species treatment,"Inflorescence a large terminal subcapitate head of clusters of spikelets, cream to pale yellow .",malawi-flora:110300:inflorescence_display,provider_treatment:malawi_flora:110300,curated_regional_flora_species_treatment,B,curated_regional_flora_species_treatment,malawiflora.com,en,regional_flora_species_treatment_not_cultivar_limited,c7897ec7ff7b3f73e9fbaac92579123a617793e2daaee5e51f7bb6153ffe96f4,retrieved_species_treatment_html_bytes,2026-08-14T03:49:55Z,credential_free_regional_flora_family_index_exact_species_page,pending_individual_review,31767694551,9207019490,regional-flora-network-acquisition-31767694551,a4801aa13f6db7ca8d9ad987,accept,species_direct_trait_statement_supported,Exact species and family match; the quoted treatment directly states the mapped trait.,True,True,False,True,Codex exact-excerpt regional-flora audit,2026-08-14T04:05:00Z
Euphorbia zambesiana,Euphorbiaceae,flower_colour,flower_primary_color,multicolored_variable,"glands 4 in bisexula cyathia, or sometimes 5 in male only flowers, c. 1 mm wide, transversely elliptic, red with conspicuous white or pink appendages to 1.5 x 2 mm, entire or shallowly 2-3 lobed;",medium,Flora of Malawi,https://www.malawiflora.com/speciesdata/species.php?species_id=115110,Flora of Malawi: Species information: Euphorbia zambesiana,Flora of Malawi curated regional-flora species treatment,"glands 4 in bisexula cyathia, or sometimes 5 in male only flowers, c. 1 mm wide, transversely elliptic, red with conspicuous white or pink appendages to 1.5 x 2 mm, entire or shallowly 2-3 lobed;",malawi-flora:115110:flower_primary_color,provider_treatment:malawi_flora:115110,curated_regional_flora_species_treatment,B,curated_regional_flora_species_treatment,malawiflora.com,en,regional_flora_species_treatment_not_cultivar_limited,550000ecca9fa42f94a63898cb4e2df24d4fe843f35b81b47697d206c7c4df68,retrieved_species_treatment_html_bytes,2026-08-14T03:49:57Z,credential_free_regional_flora_family_index_exact_species_page,pending_individual_review,31767694551,9207019490,regional-flora-network-acquisition-31767694551,7ed9792ae7bf56439c577392,reject,non_primary_organ_colour,The stated red/white/pink colours belong to cyathial glands and appendages.,False,True,False,True,Codex exact-excerpt regional-flora audit,2026-08-14T04:05:00Z
Helinus mystacinus,Rhamnaceae,flower_colour,flower_primary_color,multicolored_variable,"Flowers with a distinct pentagonal disk, in axillary umbels, greenish white",medium,Flora of Malawi,https://www.malawiflora.com/speciesdata/species.php?species_id=137800,Flora of Malawi: Species information: Helinus mystacinus,Flora of Malawi curated regional-flora species treatment,"Flowers with a distinct pentagonal disk, in axillary umbels, greenish white",malawi-flora:137800:flower_primary_color,provider_treatment:malawi_flora:137800,curated_regional_flora_species_treatment,B,curated_regional_flora_species_treatment,malawiflora.com,en,regional_flora_species_treatment_not_cultivar_limited,570ab376e946fe9bc810f48187ac19aa48c6f19c63591839b99d4a5ff0419271,retrieved_species_treatment_html_bytes,2026-08-14T03:49:54Z,credential_free_regional_flora_family_index_exact_species_page,pending_individual_review,31767694551,9207019490,regional-flora-network-acquisition-31767694551,c9d8ca8dfa9244b03f3237a3,accept,species_direct_trait_statement_supported,Exact species and family match; the quoted treatment directly states the mapped trait.,True,True,False,True,Codex exact-excerpt regional-flora audit,2026-08-14T04:05:00Z
Justicia striata,Acanthaceae,flower_colour,flower_primary_color,multicolored_variable,"Flowers in clusters in the upper the leaf axils, white with violet markings in the broad, slightly 3-lobed lip.",medium,Flora of Malawi,https://www.malawiflora.com/speciesdata/species.php?species_id=154560,Flora of Malawi: Species information: Justicia striata,Flora of Malawi curated regional-flora species treatment,"Flowers in clusters in the upper the leaf axils, white with violet markings in the broad, slightly 3-lobed lip.",malawi-flora:154560:flower_primary_color,provider_treatment:malawi_flora:154560,curated_regional_flora_species_treatment,B,curated_regional_flora_species_treatment,malawiflora.com,en,regional_flora_species_treatment_not_cultivar_limited,240b0493fbb7c3d81a75ee46dbbc576a9fcc528c651e2661a82ae7c80a0f6593,retrieved_species_treatment_html_bytes,2026-08-14T03:49:54Z,credential_free_regional_flora_family_index_exact_species_page,pending_individual_review,31767694551,9207019490,regional-flora-network-acquisition-31767694551,26f1d41ebd07f66ca6afbaae,accept,species_direct_trait_statement_supported,Exact species and family match; the quoted treatment directly states the mapped trait.,True,True,False,True,Codex exact-excerpt regional-flora audit,2026-08-14T04:05:00Z
Lelya osteocarpa,Rubiaceae,flower_colour,flower_primary_color,multicolored_variable,"Corolla white or blue, pubescent outside;",medium,Flora of Malawi,https://www.malawiflora.com/speciesdata/species.php?species_id=189680,Flora of Malawi: Species information: Lelya osteocarpa,Flora of Malawi curated regional-flora species treatment,"Corolla white or blue, pubescent outside;",malawi-flora:189680:flower_primary_color,provider_treatment:malawi_flora:189680,curated_regional_flora_species_treatment,B,curated_regional_flora_species_treatment,malawiflora.com,en,regional_flora_species_treatment_not_cultivar_limited,a0662895d01e234f7914d6b7dd5c1e6650994860be18d2de22268e43f68345eb,retrieved_species_treatment_html_bytes,2026-08-14T03:49:55Z,credential_free_regional_flora_family_index_exact_species_page,pending_individual_review,31767694551,9207019490,regional-flora-network-acquisition-31767694551,6613ef89eb5652148a7eeaaa,accept,species_direct_trait_statement_supported,Exact species and family match; the quoted treatment directly states the mapped trait.,True,True,False,True,Codex exact-excerpt regional-flora audit,2026-08-14T04:05:00Z
Liparis caespitosa,Orchidaceae,flower_colour,flower_primary_color,multicolored_variable,"Flowers non-resupinate, greenish-yellow to creamy-yellow, very small",medium,Flora of Malawi,https://www.malawiflora.com/speciesdata/species.php?species_id=180920,Flora of Malawi: Species information: Liparis caespitosa,Flora of Malawi curated regional-flora species treatment,"Flowers non-resupinate, greenish-yellow to creamy-yellow, very small",malawi-flora:180920:flower_primary_color,provider_treatment:malawi_flora:180920,curated_regional_flora_species_treatment,B,curated_regional_flora_species_treatment,malawiflora.com,en,regional_flora_species_treatment_not_cultivar_limited,a5e5ae114bfc961db7146aafdabe042350bfe6d576309ba0f1059d7f174cfba0,retrieved_species_treatment_html_bytes,2026-08-14T03:49:33Z,credential_free_regional_flora_family_index_exact_species_page,pending_individual_review,31767694551,9207019490,regional-flora-network-acquisition-31767694551,ccc0b299c1d8222aeeac02e5,accept,species_direct_trait_statement_supported,Exact species and family match; the quoted treatment directly states the mapped trait.,True,True,False,True,Codex exact-excerpt regional-flora audit,2026-08-14T04:05:00Z
Lobelia giberroa,Campanulaceae,flower_colour,flower_primary_color,multicolored_variable,"Corolla 25–35 mm long, greenish or greenish white often tinged with blue or purple, split to the base on the back, more or less pubescent on the outside at least at the apex, hairless inside;",medium,Flora of Malawi,https://www.malawiflora.com/speciesdata/species.php?species_id=213920,Flora of Malawi: Species information: Lobelia giberroa,Flora of Malawi curated regional-flora species treatment,"Corolla 25–35 mm long, greenish or greenish white often tinged with blue or purple, split to the base on the back, more or less pubescent on the outside at least at the apex, hairless inside;",malawi-flora:213920:flower_primary_color,provider_treatment:malawi_flora:213920,curated_regional_flora_species_treatment,B,curated_regional_flora_species_treatment,malawiflora.com,en,regional_flora_species_treatment_not_cultivar_limited,26165ae7c7f41b2362ce656e710157f6bc6ec8c955279c6dc1e53183463b3190,retrieved_species_treatment_html_bytes,2026-08-14T03:49:54Z,credential_free_regional_flora_family_index_exact_species_page,pending_individual_review,31767694551,9207019490,regional-flora-network-acquisition-31767694551,473c0dee8c4eeb353f87695a,accept,species_direct_trait_statement_supported,Exact species and family match; the quoted treatment directly states the mapped trait.,True,True,False,True,Codex exact-excerpt regional-flora audit,2026-08-14T04:05:00Z
Lobelia giberroa,Campanulaceae,floral_structural_complexity,flower_size_class,medium,25–35 mm,medium,Flora of Malawi,https://www.malawiflora.com/speciesdata/species.php?species_id=213920,Flora of Malawi: Species information: Lobelia giberroa,Flora of Malawi curated regional-flora species treatment,"Corolla 25–35 mm long, greenish or greenish white often tinged with blue or purple, split to the base on the back, more or less pubescent on the outside at least at the apex, hairless inside;",malawi-flora:213920:flower_size_class,provider_treatment:malawi_flora:213920,curated_regional_flora_species_treatment,B,curated_regional_flora_species_treatment,malawiflora.com,en,regional_flora_species_treatment_not_cultivar_limited,26165ae7c7f41b2362ce656e710157f6bc6ec8c955279c6dc1e53183463b3190,retrieved_species_treatment_html_bytes,2026-08-14T03:49:54Z,credential_free_regional_flora_family_index_exact_species_page,pending_individual_review,31767694551,9207019490,regional-flora-network-acquisition-31767694551,24a6b70094b6f8b592d1229d,accept,species_direct_trait_statement_supported,Exact species and family match; the quoted treatment directly states the mapped trait.,True,True,False,True,Codex exact-excerpt regional-flora audit,2026-08-14T04:05:00Z
Momordica foetida,Cucurbitaceae,floral_structural_complexity,floral_symmetry,zygomorphic,"Corolla c. 3.5 cm in diameter, pale orange-yellow, darker near the base, often somewhat zygomorphic",medium,Flora of Malawi,https://www.malawiflora.com/speciesdata/species.php?species_id=157210,Flora of Malawi: Species information: Momordica foetida,Flora of Malawi curated regional-flora species treatment,"Corolla c. 3.5 cm in diameter, pale orange-yellow, darker near the base, often somewhat zygomorphic",malawi-flora:157210:floral_symmetry,provider_treatment:malawi_flora:157210,curated_regional_flora_species_treatment,B,curated_regional_flora_species_treatment,malawiflora.com,en,regional_flora_species_treatment_not_cultivar_limited,691736a5bb76f2ffe5aba371025c6a97fbb8cff008b71b1775c58fa0a5ce7b4c,retrieved_species_treatment_html_bytes,2026-08-14T03:49:59Z,credential_free_regional_flora_family_index_exact_species_page,pending_individual_review,31767694551,9207019490,regional-flora-network-acquisition-31767694551,c54fdb6edef0eb5f817b2481,accept,species_direct_trait_statement_supported,Exact species and family match; the quoted treatment directly states the mapped trait.,True,True,False,True,Codex exact-excerpt regional-flora audit,2026-08-14T04:05:00Z
Momordica foetida,Cucurbitaceae,floral_structural_complexity,flower_size_class,large,3.5 cm,medium,Flora of Malawi,https://www.malawiflora.com/speciesdata/species.php?species_id=157210,Flora of Malawi: Species information: Momordica foetida,Flora of Malawi curated regional-flora species treatment,"Flowers unisexual on different plants, axillary, c. 3.5 cm in diameter || Corolla c. 3.5 cm in diameter, pale orange-yellow, darker near the base, often somewhat zygomorphic",malawi-flora:157210:flower_size_class,provider_treatment:malawi_flora:157210,curated_regional_flora_species_treatment,B,curated_regional_flora_species_treatment,malawiflora.com,en,regional_flora_species_treatment_not_cultivar_limited,691736a5bb76f2ffe5aba371025c6a97fbb8cff008b71b1775c58fa0a5ce7b4c,retrieved_species_treatment_html_bytes,2026-08-14T03:49:59Z,credential_free_regional_flora_family_index_exact_species_page,pending_individual_review,31767694551,9207019490,regional-flora-network-acquisition-31767694551,fcb3209a1a651bd77c63456e,accept,species_direct_trait_statement_supported,Exact species and family match; the quoted treatment directly states the mapped trait.,True,True,False,True,Codex exact-excerpt regional-flora audit,2026-08-14T04:05:00Z
Nervilia bicarinata,Orchidaceae,floral_structural_complexity,flower_size_class,medium,2–4 cm,medium,Flora of Malawi,https://www.malawiflora.com/speciesdata/species.php?species_id=117900,Flora of Malawi: Species information: Nervilia bicarinata,Flora of Malawi curated regional-flora species treatment,"Flowers evenly spaced, 2–4 cm apart",malawi-flora:117900:flower_size_class,provider_treatment:malawi_flora:117900,curated_regional_flora_species_treatment,B,curated_regional_flora_species_treatment,malawiflora.com,en,regional_flora_species_treatment_not_cultivar_limited,4176bdbeeaaf2bd879b574a6e5c81c585732f2caab60d62f0885f4539119bad0,retrieved_species_treatment_html_bytes,2026-08-14T03:49:59Z,credential_free_regional_flora_family_index_exact_species_page,pending_individual_review,31767694551,9207019490,regional-flora-network-acquisition-31767694551,d7344d7caf506f6245c87519,reject,spacing_measurement_not_flower_size,"The measurement is distance between flowers, not flower size.",False,True,False,True,Codex exact-excerpt regional-flora audit,2026-08-14T04:05:00Z
Sorindeia madagascariensis,Anacardiaceae,flower_colour,flower_primary_color,multicolored_variable,"Flowers small, with petals pale reddish-orange or dull red outside, dull yellow inside, in large pendent panicles, 20-95 cm long, usually on the older branches below the leaves or on the trunk",medium,Flora of Malawi,https://www.malawiflora.com/speciesdata/species.php?species_id=177520,Flora of Malawi: Species information: Sorindeia madagascariensis,Flora of Malawi curated regional-flora species treatment,"Flowers small, with petals pale reddish-orange or dull red outside, dull yellow inside, in large pendent panicles, 20-95 cm long, usually on the older branches below the leaves or on the trunk",malawi-flora:177520:flower_primary_color,provider_treatment:malawi_flora:177520,curated_regional_flora_species_treatment,B,curated_regional_flora_species_treatment,malawiflora.com,en,regional_flora_species_treatment_not_cultivar_limited,8c1ce534c0bc81b191bbe6eabdba8f4ff4beaa2a55b8a1d7e7497e7bfa861a27,retrieved_species_treatment_html_bytes,2026-08-14T03:49:25Z,credential_free_regional_flora_family_index_exact_species_page,pending_individual_review,31767694551,9207019490,regional-flora-network-acquisition-31767694551,59440ce6bb79e66f4c6dabfe,accept,species_direct_trait_statement_supported,Exact species and family match; the quoted treatment directly states the mapped trait.,True,True,False,True,Codex exact-excerpt regional-flora audit,2026-08-14T04:05:00Z
Caroxylon littoralis,Amaranthaceae,flower_colour,flower_primary_color,green_brown_inconspicuous,"Perianth with five green, membranous segments at anthesis",medium,Flora of Mozambique,https://www.mozambiqueflora.com/speciesdata/species.php?species_id=228300,Flora of Mozambique: Species information: Caroxylon littoralis,Flora of Mozambique curated regional-flora species treatment,"Perianth with five green, membranous segments at anthesis",mozambique-flora:228300:flower_primary_color,provider_treatment:mozambique_flora:228300,curated_regional_flora_species_treatment,B,curated_regional_flora_species_treatment,mozambiqueflora.com,en,regional_flora_species_treatment_not_cultivar_limited,d89dd4354da8a0223b239eb91e5377fc3254817f739c570911d19474d98697fd,retrieved_species_treatment_html_bytes,2026-08-14T03:49:50Z,credential_free_regional_flora_family_index_exact_species_page,pending_individual_review,31767694551,9207019490,regional-flora-network-acquisition-31767694551,c38a66c1a90773cf87fb3de5,accept,species_direct_trait_statement_supported,Exact species and family match; the quoted treatment directly states the mapped trait.,True,True,False,True,Codex exact-excerpt regional-flora audit,2026-08-14T04:05:00Z
Caroxylon littoralis,Amaranthaceae,floral_structural_complexity,inflorescence_display,solitary,Flowers solitary in the axils of bracts and surrounded by two lateral bracteoles,medium,Flora of Mozambique,https://www.mozambiqueflora.com/speciesdata/species.php?species_id=228300,Flora of Mozambique: Species information: Caroxylon littoralis,Flora of Mozambique curated regional-flora species treatment,Flowers solitary in the axils of bracts and surrounded by two lateral bracteoles,mozambique-flora:228300:inflorescence_display,provider_treatment:mozambique_flora:228300,curated_regional_flora_species_treatment,B,curated_regional_flora_species_treatment,mozambiqueflora.com,en,regional_flora_species_treatment_not_cultivar_limited,d89dd4354da8a0223b239eb91e5377fc3254817f739c570911d19474d98697fd,retrieved_species_treatment_html_bytes,2026-08-14T03:49:50Z,credential_free_regional_flora_family_index_exact_species_page,pending_individual_review,31767694551,9207019490,regional-flora-network-acquisition-31767694551,8e10b716ca02cf37b8bd13bd,accept,species_direct_trait_statement_supported,Exact species and family match; the quoted treatment directly states the mapped trait.,True,True,False,True,Codex exact-excerpt regional-flora audit,2026-08-14T04:05:00Z
Cistanche tinctoria,Orobanchaceae,floral_structural_complexity,flower_size_class,large,4–5 cm,medium,Flora of Mozambique,https://www.mozambiqueflora.com/speciesdata/species.php?species_id=170680,Flora of Mozambique: Species information: Cistanche tinctoria,Flora of Mozambique curated regional-flora species treatment,"Corolla cream-coloured, 4–5 cm long, erect at first, later curving outwards;",mozambique-flora:170680:flower_size_class,provider_treatment:mozambique_flora:170680,curated_regional_flora_species_treatment,B,curated_regional_flora_species_treatment,mozambiqueflora.com,en,regional_flora_species_treatment_not_cultivar_limited,74a23dfd800e349ff906de98703e454ed5917740455f023c060dc2042d876342,retrieved_species_treatment_html_bytes,2026-08-14T03:49:30Z,credential_free_regional_flora_family_index_exact_species_page,pending_individual_review,31767694551,9207019490,regional-flora-network-acquisition-31767694551,31dacc5e41e31a14b2191bed,accept,species_direct_trait_statement_supported,Exact species and family match; the quoted treatment directly states the mapped trait.,True,True,False,True,Codex exact-excerpt regional-flora audit,2026-08-14T04:05:00Z
Dovyalis lucida,Salicaceae,floral_structural_complexity,flower_size_class,small,1-1.5 cm,medium,Flora of Mozambique,https://www.mozambiqueflora.com/speciesdata/species.php?species_id=140820,Flora of Mozambique: Species information: Dovyalis lucida,Flora of Mozambique curated regional-flora species treatment,"Flowers short-lived, very small, greenish yellow, stamens c.15. Fruit ellipsoid, fleshy, 1-1.5 cm in diameter, velvety, cupped by the small recurved calyx lobes;",mozambique-flora:140820:flower_size_class,provider_treatment:mozambique_flora:140820,curated_regional_flora_species_treatment,B,curated_regional_flora_species_treatment,mozambiqueflora.com,en,regional_flora_species_treatment_not_cultivar_limited,3e2f6cb002b486a04045999bba3dba631cbb1eac41ae5894735c539dcc3fe7f7,retrieved_species_treatment_html_bytes,2026-08-14T03:49:28Z,credential_free_regional_flora_family_index_exact_species_page,pending_individual_review,31767694551,9207019490,regional-flora-network-acquisition-31767694551,c20ce9ad4b2c9500c891813b,reject,fruit_measurement_not_flower_size,The only numeric dimension in the excerpt belongs to the fruit.,False,True,False,True,Codex exact-excerpt regional-flora audit,2026-08-14T04:05:00Z
Goodyera afzelii,Orchidaceae,flower_colour,flower_primary_color,red_pink,petals pale pinkish;,medium,Flora of Mozambique,https://www.mozambiqueflora.com/speciesdata/species.php?species_id=174100,Flora of Mozambique: Species information: Goodyera afzelii,Flora of Mozambique curated regional-flora species treatment,petals pale pinkish;,mozambique-flora:174100:flower_primary_color,provider_treatment:mozambique_flora:174100,curated_regional_flora_species_treatment,B,curated_regional_flora_species_treatment,mozambiqueflora.com,en,regional_flora_species_treatment_not_cultivar_limited,83bd5d5ed341ed1ab75d98a7cf788e2fb67d7c137db4095ce869b758778a69ca,retrieved_species_treatment_html_bytes,2026-08-14T03:49:47Z,credential_free_regional_flora_family_index_exact_species_page,pending_individual_review,31767694551,9207019490,regional-flora-network-acquisition-31767694551,36377ea0113a4524797ba7da,accept,species_direct_trait_statement_supported,Exact species and family match; the quoted treatment directly states the mapped trait.,True,True,False,True,Codex exact-excerpt regional-flora audit,2026-08-14T04:05:00Z
Lannea antiscorbutica,Anacardiaceae,flower_colour,flower_primary_color,multicolored_variable,"Flowers in clustered spikes at the ends of branchlets, creamy-yellow, densely covered in woolly stellate hairs, appearing before the leaves",medium,Flora of Mozambique,https://www.mozambiqueflora.com/speciesdata/species.php?species_id=177560,Flora of Mozambique: Species information: Lannea antiscorbutica,Flora of Mozambique curated regional-flora species treatment,"Flowers in clustered spikes at the ends of branchlets, creamy-yellow, densely covered in woolly stellate hairs, appearing before the leaves",mozambique-flora:177560:flower_primary_color,provider_treatment:mozambique_flora:177560,curated_regional_flora_species_treatment,B,curated_regional_flora_species_treatment,mozambiqueflora.com,en,regional_flora_species_treatment_not_cultivar_limited,7700e2ad2cf8437dc6ea6db280d34c93207ffb5c1445d74b3ad5e0fd2e458063,retrieved_species_treatment_html_bytes,2026-08-14T03:49:55Z,credential_free_regional_flora_family_index_exact_species_page,pending_individual_review,31767694551,9207019490,regional-flora-network-acquisition-31767694551,9f9b8c8718cbfda21f900a0e,accept,species_direct_trait_statement_supported,Exact species and family match; the quoted treatment directly states the mapped trait.,True,True,False,True,Codex exact-excerpt regional-flora audit,2026-08-14T04:05:00Z
Manilkara sansibarensis,Sapotaceae,flower_colour,flower_primary_color,white,"Flowers in densely flowered axillary clusters, white, on pedicels up to 12 mm long",medium,Flora of Mozambique,https://www.mozambiqueflora.com/speciesdata/species.php?species_id=175100,Flora of Mozambique: Species information: Manilkara sansibarensis,Flora of Mozambique curated regional-flora species treatment,"Flowers in densely flowered axillary clusters, white, on pedicels up to 12 mm long",mozambique-flora:175100:flower_primary_color,provider_treatment:mozambique_flora:175100,curated_regional_flora_species_treatment,B,curated_regional_flora_species_treatment,mozambiqueflora.com,en,regional_flora_species_treatment_not_cultivar_limited,823b66c8d7ae25ba9b42d96a89fac64d19e0fed6d239de3c5515396b96e124a8,retrieved_species_treatment_html_bytes,2026-08-14T03:49:49Z,credential_free_regional_flora_family_index_exact_species_page,pending_individual_review,31767694551,9207019490,regional-flora-network-acquisition-31767694551,dbbf50f4b2930863976a0366,accept,species_direct_trait_statement_supported,Exact species and family match; the quoted treatment directly states the mapped trait.,True,True,False,True,Codex exact-excerpt regional-flora audit,2026-08-14T04:05:00Z
Momordica anigosantha,Cucurbitaceae,floral_structural_complexity,flower_size_class,large,4 cm,medium,Flora of Mozambique,https://www.mozambiqueflora.com/speciesdata/species.php?species_id=167880,Flora of Mozambique: Species information: Momordica anigosantha,Flora of Mozambique curated regional-flora species treatment,"Male flowers c. 4 cm wide, in several to many-flowered axillary inflorescences;",mozambique-flora:167880:flower_size_class,provider_treatment:mozambique_flora:167880,curated_regional_flora_species_treatment,B,curated_regional_flora_species_treatment,mozambiqueflora.com,en,regional_flora_species_treatment_not_cultivar_limited,598be47a02e0e6951c3db9eb62831a97d9d964c3d4f7b7dd9bde082e73f37a59,retrieved_species_treatment_html_bytes,2026-08-14T03:49:59Z,credential_free_regional_flora_family_index_exact_species_page,pending_individual_review,31767694551,9207019490,regional-flora-network-acquisition-31767694551,b327ef5b17e15a62575596c1,accept,species_direct_trait_statement_supported,Exact species and family match; the quoted treatment directly states the mapped trait.,True,True,False,True,Codex exact-excerpt regional-flora audit,2026-08-14T04:05:00Z
Pedalium murex,Pedaliaceae,floral_structural_complexity,inflorescence_display,solitary,"Flowers solitary in the leaf axis, yellow;",medium,Flora of Mozambique,https://www.mozambiqueflora.com/speciesdata/species.php?species_id=171700,Flora of Mozambique: Species information: Pedalium murex,Flora of Mozambique curated regional-flora species treatment,"Flowers solitary in the leaf axis, yellow;",mozambique-flora:171700:inflorescence_display,provider_treatment:mozambique_flora:171700,curated_regional_flora_species_treatment,B,curated_regional_flora_species_treatment,mozambiqueflora.com,en,regional_flora_species_treatment_not_cultivar_limited,c1a4f1647afd40602de9ca3f41e12a080a58b863a2337768925493ffe7c0bf22,retrieved_species_treatment_html_bytes,2026-08-14T03:49:35Z,credential_free_regional_flora_family_index_exact_species_page,pending_individual_review,31767694551,9207019490,regional-flora-network-acquisition-31767694551,8ad7df3162381405dea3f700,accept,species_direct_trait_statement_supported,Exact species and family match; the quoted treatment directly states the mapped trait.,True,True,False,True,Codex exact-excerpt regional-flora audit,2026-08-14T04:05:00Z
Syngonanthus welwitschii,Eriocaulaceae,floral_structural_complexity,flower_size_class,very_small,0.5-0.7 mm,medium,Flora of Mozambique,https://www.mozambiqueflora.com/speciesdata/species.php?species_id=211220,Flora of Mozambique: Species information: Syngonanthus welwitschii,Flora of Mozambique curated regional-flora species treatment,"Flowers 5-9, straw-coloured, 0.5-0.7 mm long with 4-7 sessile female flowers surrounding 1-2 shortly pedicelled male flowers.",mozambique-flora:211220:flower_size_class,provider_treatment:mozambique_flora:211220,curated_regional_flora_species_treatment,B,curated_regional_flora_species_treatment,mozambiqueflora.com,en,regional_flora_species_treatment_not_cultivar_limited,04fb23525a63193fab1948aa523b412ccf41ab383ff138965c8ad53f71f55817,retrieved_species_treatment_html_bytes,2026-08-14T03:49:27Z,credential_free_regional_flora_family_index_exact_species_page,pending_individual_review,31767694551,9207019490,regional-flora-network-acquisition-31767694551,e69717d340ede15a81312565,accept,species_direct_trait_statement_supported,Exact species and family match; the quoted treatment directly states the mapped trait.,True,True,False,True,Codex exact-excerpt regional-flora audit,2026-08-14T04:05:00Z
Tetracera boiviniana,Dilleniaceae,floral_structural_complexity,inflorescence_display,few_flowered,"Inflorescences in few-flowered clusters, terminal and in the upper leaf axils",medium,Flora of Mozambique,https://www.mozambiqueflora.com/speciesdata/species.php?species_id=173640,Flora of Mozambique: Species information: Tetracera boiviniana,Flora of Mozambique curated regional-flora species treatment,"Inflorescences in few-flowered clusters, terminal and in the upper leaf axils",mozambique-flora:173640:inflorescence_display,provider_treatment:mozambique_flora:173640,curated_regional_flora_species_treatment,B,curated_regional_flora_species_treatment,mozambiqueflora.com,en,regional_flora_species_treatment_not_cultivar_limited,f816737d48862388cff589b92346ff3148745a108a8c105bf4777b312389cb4a,retrieved_species_treatment_html_bytes,2026-08-14T03:49:58Z,credential_free_regional_flora_family_index_exact_species_page,pending_individual_review,31767694551,9207019490,regional-flora-network-acquisition-31767694551,c10ad883a195e08843ae306f,accept,species_direct_trait_statement_supported,Exact species and family match; the quoted treatment directly states the mapped trait.,True,True,False,True,Codex exact-excerpt regional-flora audit,2026-08-14T04:05:00Z
Thalassodendron ciliatum,Cymodoceaceae,floral_structural_complexity,flower_size_class,small|very_small,6-10 mm || 1-2 mm,medium,Flora of Mozambique,https://www.mozambiqueflora.com/speciesdata/species.php?species_id=179680,Flora of Mozambique: Species information: Thalassodendron ciliatum,Flora of Mozambique curated regional-flora species treatment,"Male flowers: anthers 6-10 mm, each with a short appendage || Females flowers: ovary 1-2 mm, ellipsoid",mozambique-flora:179680:flower_size_class,provider_treatment:mozambique_flora:179680,curated_regional_flora_species_treatment,B,curated_regional_flora_species_treatment,mozambiqueflora.com,en,regional_flora_species_treatment_not_cultivar_limited,f3b33a48d791027c13efcb29add99ab8b7e807ac54afea6c6053936e0e5fb4fc,retrieved_species_treatment_html_bytes,2026-08-14T03:49:31Z,credential_free_regional_flora_family_index_exact_species_page,pending_individual_review,31767694551,9207019490,regional-flora-network-acquisition-31767694551,946e01fe147b36284b352512,reject,component_measurement_not_whole_flower,The dimensions belong to anthers and ovaries.,False,True,False,True,Codex exact-excerpt regional-flora audit,2026-08-14T04:05:00Z
Zanthoxylum delagoense,Rutaceae,floral_structural_complexity,flower_size_class,very_small,1.7 mm,medium,Flora of Mozambique,https://www.mozambiqueflora.com/speciesdata/species.php?species_id=179030,Flora of Mozambique: Species information: Zanthoxylum delagoense,Flora of Mozambique curated regional-flora species treatment,Female flowers: petals 4.5 × 1.7 mm;,mozambique-flora:179030:flower_size_class,provider_treatment:mozambique_flora:179030,curated_regional_flora_species_treatment,B,curated_regional_flora_species_treatment,mozambiqueflora.com,en,regional_flora_species_treatment_not_cultivar_limited,463c2e2ecf1c2e650fbb6a1222aff0ee9761a0cf9b5a41798d5012f3f3f25e27,retrieved_species_treatment_html_bytes,2026-08-14T03:49:59Z,credential_free_regional_flora_family_index_exact_species_page,pending_individual_review,31767694551,9207019490,regional-flora-network-acquisition-31767694551,8e7447fb9a0c661433bdf99f,reject,component_measurement_not_whole_flower,The dimensions belong to petals rather than the whole flower or corolla.,False,True,False,True,Codex exact-excerpt regional-flora audit,2026-08-14T04:05:00Z
Casimiroa edulis,Rutaceae,flower_colour,flower_primary_color,green_brown_inconspicuous,"Flowers greenish, fragrant",medium,Flora of Zambia,https://www.zambiaflora.com/speciesdata/species.php?species_id=133100,Flora of Zambia: Species information: Casimiroa edulis,Flora of Zambia curated regional-flora species treatment,"Flowers greenish, fragrant",zambia-flora:133100:flower_primary_color,provider_treatment:zambia_flora:133100,curated_regional_flora_species_treatment,B,curated_regional_flora_species_treatment,zambiaflora.com,en,regional_flora_species_treatment_not_cultivar_limited,a417d287fb85f391c23f3dc70734932d00e6285fb7b6eb791d927a778890cf8f,retrieved_species_treatment_html_bytes,2026-08-14T03:49:26Z,credential_free_regional_flora_family_index_exact_species_page,pending_individual_review,31767694551,9207019490,regional-flora-network-acquisition-31767694551,243586464ed13d7d10b7c47a,accept,species_direct_trait_statement_supported,Exact species and family match; the quoted treatment directly states the mapped trait.,True,True,False,True,Codex exact-excerpt regional-flora audit,2026-08-14T04:05:00Z
Thecacoris trichogyne,Phyllanthaceae,flower_colour,flower_primary_color,multicolored_variable|yellow_orange,"flowers creamy-greenish; || flowers yellowish, with pedicels 1-3 mm long, extending to 1.5 cm in fruit",medium,Flora of Zambia,https://www.zambiaflora.com/speciesdata/species.php?species_id=210450,Flora of Zambia: Species information: Thecacoris trichogyne,Flora of Zambia curated regional-flora species treatment,"flowers creamy-greenish; || flowers yellowish, with pedicels 1-3 mm long, extending to 1.5 cm in fruit",zambia-flora:210450:flower_primary_color,provider_treatment:zambia_flora:210450,curated_regional_flora_species_treatment,B,curated_regional_flora_species_treatment,zambiaflora.com,en,regional_flora_species_treatment_not_cultivar_limited,d3ef34b03744dc6d1ee71612d89ce94ec0cc40f564086006bfc46323983a0423,retrieved_species_treatment_html_bytes,2026-08-14T03:49:48Z,credential_free_regional_flora_family_index_exact_species_page,pending_individual_review,31767694551,9207019490,regional-flora-network-acquisition-31767694551,0941ccf83fb28ef11a9d73e1,accept,species_direct_trait_statement_supported,Exact species and family match; the quoted treatment directly states the mapped trait.,True,True,False,True,Codex exact-excerpt regional-flora audit,2026-08-14T04:05:00Z
