"candidate_id","accepted_species","trait_name","axis","raw_value","normalized_value","source_url","page_title","domain","language","supporting_excerpt","source_lineage","lineage_method","name_match_method","matched_page_name","source_tier","source_type","domain_review_status","evidence_status","content_sha256","retrieved_at_utc","query","search_rank","already_direct_in_baseline","source_run_id","source_artifact_id","source_artifact_name"
"c843b1a40e02f0cfe37670b6","Aneilema acuminatum","flower_size_class","floral_structural_complexity","2–4 mm","very_small","https://plantnet.rbgsyd.nsw.gov.au/cgi-bin/NSWfl.pl?page=nswfl&lvl=sp&name=Aneilema~acuminatum","PlantNET - FloraOnline","plantnet.rbgsyd.nsw.gov.au","unknown_not_recorded","Outer tepals 2–4 mm long;","url:https://plantnet.rbgsyd.nsw.gov.au/cgi-bin/NSWfl.pl?page=nswfl&lvl=sp&name=Aneilema~acuminatum","canonical_url","exact_accepted_name","Aneilema acuminatum","A","institutional_regional_flora","approved_registry_trait","review_only_not_promoted","11d0a0751bc9570c963c9c5941711fc6af4be1a94064911fd162ae5b55c913ea","2026-08-08T08:00:50.478892Z","inventory:plantnet.rbgsyd.nsw.gov.au","620","False","31247162370","9018965291","open-web-domain-backfill-31247162370"
"903883fcf0ac75da93927d02","Aneilema biflorum","flower_size_class","floral_structural_complexity","2–3 mm","very_small","https://plantnet.rbgsyd.nsw.gov.au/cgi-bin/NSWfl.pl?page=nswfl&lvl=sp&name=Aneilema~biflorum","PlantNET - FloraOnline","plantnet.rbgsyd.nsw.gov.au","unknown_not_recorded","Outer tepals 2–3 mm long;","url:https://plantnet.rbgsyd.nsw.gov.au/cgi-bin/NSWfl.pl?page=nswfl&lvl=sp&name=Aneilema~biflorum","canonical_url","exact_accepted_name","Aneilema biflorum","A","institutional_regional_flora","approved_registry_trait","review_only_not_promoted","3d780dc568765ebaab719147569a1971c49deadd57e8b19b671219c89ce3be84","2026-08-08T08:00:51.106051Z","inventory:plantnet.rbgsyd.nsw.gov.au","621","False","31247162370","9018965291","open-web-domain-backfill-31247162370"
"92f54b5ef13415791c945888","Arthropodium minus","flower_size_class","floral_structural_complexity","3–6 mm","very_small","https://plantnet.rbgsyd.nsw.gov.au/cgi-bin/NSWfl.pl?page=nswfl&lvl=sp&name=Arthropodium~minus","PlantNET - FloraOnline","plantnet.rbgsyd.nsw.gov.au","unknown_not_recorded","Tepals 3–6 mm long, white to purple;","url:https://plantnet.rbgsyd.nsw.gov.au/cgi-bin/NSWfl.pl?page=nswfl&lvl=sp&name=Arthropodium~minus","canonical_url","exact_accepted_name","Arthropodium minus","A","institutional_regional_flora","approved_registry_trait","review_only_not_promoted","a7b7f7e4874fdf936c46d0372c73f989fdfd3d1fb2b1d06a96867713aab3431e","2026-08-08T07:55:20.884124Z","inventory:plantnet.rbgsyd.nsw.gov.au","91","False","31247162370","9018965291","open-web-domain-backfill-31247162370"
"378803c94af0457904764f1c","Bauera capitata","flower_size_class","floral_structural_complexity","6 mm","small","https://plantnet.rbgsyd.nsw.gov.au/cgi-bin/NSWfl.pl?page=nswfl&lvl=sp&name=Bauera~capitata","PlantNET - FloraOnline","plantnet.rbgsyd.nsw.gov.au","unknown_not_recorded","Petals 4, c. 6 mm long, deep pink","url:https://plantnet.rbgsyd.nsw.gov.au/cgi-bin/NSWfl.pl?page=nswfl&lvl=sp&name=Bauera~capitata","canonical_url","exact_accepted_name","Bauera capitata","A","institutional_regional_flora","approved_registry_trait","review_only_not_promoted","52ac17ed33899e1fd5afee8ae5119ff5dda71f67df8c0346e4976d64f57ee4e2","2026-08-08T08:01:20.340287Z","inventory:plantnet.rbgsyd.nsw.gov.au","668","False","31247162370","9018965291","open-web-domain-backfill-31247162370"
"ccc006e9a336a3cda6f8a713","Bauera microphylla","flower_size_class","floral_structural_complexity","3–6 mm","very_small","https://plantnet.rbgsyd.nsw.gov.au/cgi-bin/NSWfl.pl?page=nswfl&lvl=sp&name=Bauera~microphylla","PlantNET - FloraOnline","plantnet.rbgsyd.nsw.gov.au","unknown_not_recorded","Petals 5–7, 3–6 mm long, white or tinged with pink","url:https://plantnet.rbgsyd.nsw.gov.au/cgi-bin/NSWfl.pl?page=nswfl&lvl=sp&name=Bauera~microphylla","canonical_url","exact_accepted_name","Bauera microphylla","A","institutional_regional_flora","approved_registry_trait","review_only_not_promoted","94486d33d6886786c91b035aaea95ece4a23fcf74d21f79e8fa2dbd4c83d295c","2026-08-08T08:01:20.962682Z","inventory:plantnet.rbgsyd.nsw.gov.au","669","False","31247162370","9018965291","open-web-domain-backfill-31247162370"
"53ca3e73a02f7730d2fd1cbf","Bergia ammannioides","flower_size_class","floral_structural_complexity","1.5–2 mm","very_small","https://plantnet.rbgsyd.nsw.gov.au/cgi-bin/NSWfl.pl?page=nswfl&lvl=sp&name=Bergia~ammannioides","PlantNET - FloraOnline","plantnet.rbgsyd.nsw.gov.au","unknown_not_recorded","Petals 5, 1.5–2 mm long, obtuse","url:https://plantnet.rbgsyd.nsw.gov.au/cgi-bin/NSWfl.pl?page=nswfl&lvl=sp&name=Bergia~ammannioides","canonical_url","exact_accepted_name","Bergia ammannioides","A","institutional_regional_flora","approved_registry_trait","review_only_not_promoted","4834c1e346bcf15fb2ccc3cf046caed558f2dc8295db321d29708650f68c56d3","2026-08-08T08:03:52.575965Z","inventory:plantnet.rbgsyd.nsw.gov.au","912","False","31247162370","9018965291","open-web-domain-backfill-31247162370"
"088793b0a244d75fdd6caf72","Caesia alpina","flower_size_class","floral_structural_complexity","3–4.5 mm","very_small","https://plantnet.rbgsyd.nsw.gov.au/cgi-bin/NSWfl.pl?page=nswfl&lvl=sp&name=Caesia~alpina","PlantNET - FloraOnline","plantnet.rbgsyd.nsw.gov.au","unknown_not_recorded","Tepals elliptic, 3–4.5 mm long, greenish white","url:https://plantnet.rbgsyd.nsw.gov.au/cgi-bin/NSWfl.pl?page=nswfl&lvl=sp&name=Caesia~alpina","canonical_url","exact_accepted_name","Caesia alpina","A","institutional_regional_flora","approved_registry_trait","review_only_not_promoted","3a6d763cdff12f943be10b3f2fde3fc68be1c22d429dbde835c1187b520b37bd","2026-08-08T07:55:21.506813Z","inventory:plantnet.rbgsyd.nsw.gov.au","92","False","31247162370","9018965291","open-web-domain-backfill-31247162370"
"1d4b425b193c0db2b3e84952","Caesia calliantha","flower_size_class","floral_structural_complexity","6–10 mm","small","https://plantnet.rbgsyd.nsw.gov.au/cgi-bin/NSWfl.pl?page=nswfl&lvl=sp&name=Caesia~calliantha","PlantNET - FloraOnline","plantnet.rbgsyd.nsw.gov.au","unknown_not_recorded","Tepals narrow-elliptic, 6–10 mm long, usually blue or purple with darker veins","url:https://plantnet.rbgsyd.nsw.gov.au/cgi-bin/NSWfl.pl?page=nswfl&lvl=sp&name=Caesia~calliantha","canonical_url","exact_accepted_name","Caesia calliantha","A","institutional_regional_flora","approved_registry_trait","review_only_not_promoted","84c73ca40b142fc66ab4997e4da0bbd3696de581f9e5f9a7ef51f3563ac89b84","2026-08-08T07:55:22.127632Z","inventory:plantnet.rbgsyd.nsw.gov.au","93","False","31247162370","9018965291","open-web-domain-backfill-31247162370"
"2e24012c4de92f57580629c5","Caesia parviflora","flower_size_class","floral_structural_complexity","3–8.5 mm","small","https://plantnet.rbgsyd.nsw.gov.au/cgi-bin/NSWfl.pl?page=nswfl&lvl=sp&name=Caesia~parviflora","PlantNET - FloraOnline","plantnet.rbgsyd.nsw.gov.au","unknown_not_recorded","Tepals narrow-elliptic, 3–8.5 mm long, greenish white to blue","url:https://plantnet.rbgsyd.nsw.gov.au/cgi-bin/NSWfl.pl?page=nswfl&lvl=sp&name=Caesia~parviflora","canonical_url","exact_accepted_name","Caesia parviflora","A","institutional_regional_flora","approved_registry_trait","review_only_not_promoted","da6231132a5ed5d56f6c1e40bfa3cf7bfc668d6ec05c2e398eae245f844f549e","2026-08-08T07:55:22.748846Z","inventory:plantnet.rbgsyd.nsw.gov.au","94","False","31247162370","9018965291","open-web-domain-backfill-31247162370"
"0a8c8241bea5ca179b2bd02b","Capparis mitchellii","flower_size_class","floral_structural_complexity","2–2.5 cm","medium","https://plantnet.rbgsyd.nsw.gov.au/cgi-bin/NSWfl.pl?page=nswfl&lvl=sp&name=Capparis~mitchellii","PlantNET - FloraOnline","plantnet.rbgsyd.nsw.gov.au","unknown_not_recorded","Petals 2–2.5 cm long, cream to yellowish","url:https://plantnet.rbgsyd.nsw.gov.au/cgi-bin/NSWfl.pl?page=nswfl&lvl=sp&name=Capparis~mitchellii","canonical_url","exact_accepted_name","Capparis mitchellii","A","institutional_regional_flora","approved_registry_trait","review_only_not_promoted","056f0e803ff0e62a9252ac7f380df2e088a9eff4cc45ed0cfbaaf3e4525a2bae","2026-08-08T07:59:59.269381Z","inventory:plantnet.rbgsyd.nsw.gov.au","538","False","31247162370","9018965291","open-web-domain-backfill-31247162370"
"9d0bae42d4af08ef46dfb93f","Ceratopetalum gummiferum","flower_size_class","floral_structural_complexity","3 mm","very_small","https://plantnet.rbgsyd.nsw.gov.au/cgi-bin/NSWfl.pl?page=nswfl&lvl=sp&name=Ceratopetalum~gummiferum","PlantNET - FloraOnline","plantnet.rbgsyd.nsw.gov.au","unknown_not_recorded","Petals c. 3 mm long","url:https://plantnet.rbgsyd.nsw.gov.au/cgi-bin/NSWfl.pl?page=nswfl&lvl=sp&name=Ceratopetalum~gummiferum","canonical_url","exact_accepted_name","Ceratopetalum gummiferum","A","institutional_regional_flora","approved_registry_trait","review_only_not_promoted","c9ea05b0b179a8c5f5cdd2e1ada5459784a8f17e7c4b019c25bea45920cea53f","2026-08-08T08:01:23.451381Z","inventory:plantnet.rbgsyd.nsw.gov.au","673","False","31247162370","9018965291","open-web-domain-backfill-31247162370"
"2e46f3161d41dccebe6e407a","Corokia carpodetoides","flower_size_class","floral_structural_complexity","3 mm","very_small","https://plantnet.rbgsyd.nsw.gov.au/cgi-bin/NSWfl.pl?page=nswfl&lvl=sp&name=Corokia~carpodetoides","PlantNET - FloraOnline","plantnet.rbgsyd.nsw.gov.au","unknown_not_recorded","Petals 5, free, lanceolate, c. 3 mm long, acute, yellow","url:https://plantnet.rbgsyd.nsw.gov.au/cgi-bin/NSWfl.pl?page=nswfl&lvl=sp&name=Corokia~carpodetoides","canonical_url","exact_accepted_name","Corokia carpodetoides","A","institutional_regional_flora","approved_registry_trait","review_only_not_promoted","7a457b9b09da0034cfc5d632e81c8c5bdd20f7c62eba6bcfe3ca1c004855a3b8","2026-08-08T07:56:21.806287Z","inventory:plantnet.rbgsyd.nsw.gov.au","188","False","31247162370","9018965291","open-web-domain-backfill-31247162370"
"a75230e833f94a5b8d1e56f0","Corynocarpus rupestris","flower_size_class","floral_structural_complexity","2.4–3.5 mm","very_small","https://plantnet.rbgsyd.nsw.gov.au/cgi-bin/NSWfl.pl?page=nswfl&lvl=sp&name=Corynocarpus~rupestris","PlantNET - FloraOnline","plantnet.rbgsyd.nsw.gov.au","unknown_not_recorded","Petals 2.4–3.5 mm long, white","url:https://plantnet.rbgsyd.nsw.gov.au/cgi-bin/NSWfl.pl?page=nswfl&lvl=sp&name=Corynocarpus~rupestris","canonical_url","exact_accepted_name","Corynocarpus rupestris","A","institutional_regional_flora","approved_registry_trait","review_only_not_promoted","d8c6b589ea07f8f1c62f3e2f0a8c412c29ea962484db93f400b395c15b2bf5c2","2026-08-08T08:01:07.303885Z","inventory:plantnet.rbgsyd.nsw.gov.au","647","False","31247162370","9018965291","open-web-domain-backfill-31247162370"
"a7f60b936661138bcade6f4c","Eucryphia moorei","flower_size_class","floral_structural_complexity","10–15 mm","small","https://plantnet.rbgsyd.nsw.gov.au/cgi-bin/NSWfl.pl?page=nswfl&lvl=sp&name=Eucryphia~moorei","PlantNET - FloraOnline","plantnet.rbgsyd.nsw.gov.au","unknown_not_recorded","Petals 10–15 mm long, white","url:https://plantnet.rbgsyd.nsw.gov.au/cgi-bin/NSWfl.pl?page=nswfl&lvl=sp&name=Eucryphia~moorei","canonical_url","exact_accepted_name","Eucryphia moorei","A","institutional_regional_flora","approved_registry_trait","review_only_not_promoted","773bbe6a8a70b1ff04833abe4b68b94dcc5a8382708b0557648de811e4829f78","2026-08-08T08:01:24.074970Z","inventory:plantnet.rbgsyd.nsw.gov.au","674","False","31247162370","9018965291","open-web-domain-backfill-31247162370"
"6bbeff73be57440d42913efe","Hedyscepe canterburyana","flower_size_class","floral_structural_complexity","8 mm","small","https://plantnet.rbgsyd.nsw.gov.au/cgi-bin/NSWfl.pl?page=nswfl&lvl=sp&name=Hedyscepe~canterburyana","PlantNET - FloraOnline","plantnet.rbgsyd.nsw.gov.au","unknown_not_recorded","petals ovate, 8 mm long, acute;","url:https://plantnet.rbgsyd.nsw.gov.au/cgi-bin/NSWfl.pl?page=nswfl&lvl=sp&name=Hedyscepe~canterburyana","canonical_url","exact_accepted_name","Hedyscepe canterburyana","A","institutional_regional_flora","approved_registry_trait","review_only_not_promoted","bd4cc70d8d0c8699daff396439635ddb7706ac41d999587f343aadb36d5e45d2","2026-08-08T07:56:18.103693Z","inventory:plantnet.rbgsyd.nsw.gov.au","182","False","31247162370","9018965291","open-web-domain-backfill-31247162370"
"fce19c6552188b3832ce7a7b","Herpolirion novae-zelandiae","flower_size_class","floral_structural_complexity","20 mm","medium","https://plantnet.rbgsyd.nsw.gov.au/cgi-bin/NSWfl.pl?page=nswfl&lvl=sp&name=Herpolirion~novae-zelandiae","PlantNET - FloraOnline","plantnet.rbgsyd.nsw.gov.au","unknown_not_recorded","Tepals ± oblanceolate, c. 20 mm long, 2.5–3 mm wide, spreading, white, blue or lilac","url:https://plantnet.rbgsyd.nsw.gov.au/cgi-bin/NSWfl.pl?page=nswfl&lvl=sp&name=Herpolirion~novae-zelandiae","canonical_url","exact_accepted_name","Herpolirion novae-zelandiae","A","institutional_regional_flora","approved_registry_trait","review_only_not_promoted","9948e8caee5a21141512e86495c55f788782a8ecc541df3a65e99525dc71289f","2026-08-08T07:55:25.199983Z","inventory:plantnet.rbgsyd.nsw.gov.au","98","False","31247162370","9018965291","open-web-domain-backfill-31247162370"
"a99ba15395eec6913f936874","Melichrus adpressus","flower_size_class","floral_structural_complexity","3.8–4 mm","very_small","https://plantnet.rbgsyd.nsw.gov.au/cgi-bin/NSWfl.pl?page=nswfl&lvl=sp&name=Melichrus~adpressus","PlantNET - FloraOnline","plantnet.rbgsyd.nsw.gov.au","unknown_not_recorded","Corolla tube ± cylindrical, 3.8–4 mm long;","url:https://plantnet.rbgsyd.nsw.gov.au/cgi-bin/NSWfl.pl?page=nswfl&lvl=sp&name=Melichrus~adpressus","canonical_url","exact_accepted_name","Melichrus adpressus","A","institutional_regional_flora","approved_registry_trait","review_only_not_promoted","638d216695a5a290b43da7b257f38c472b120103b9381ea60a3ccca855949823","2026-08-08T08:04:12.848410Z","inventory:plantnet.rbgsyd.nsw.gov.au","944","False","31247162370","9018965291","open-web-domain-backfill-31247162370"
"dbf1585d126830675ab7c658","Melichrus adpressus","tube_depth_class","floral_structural_complexity","Corolla tube ± cylindrical, 3.8–4 mm long;","shallow","https://plantnet.rbgsyd.nsw.gov.au/cgi-bin/NSWfl.pl?page=nswfl&lvl=sp&name=Melichrus~adpressus","PlantNET - FloraOnline","plantnet.rbgsyd.nsw.gov.au","unknown_not_recorded","Corolla tube ± cylindrical, 3.8–4 mm long;","url:https://plantnet.rbgsyd.nsw.gov.au/cgi-bin/NSWfl.pl?page=nswfl&lvl=sp&name=Melichrus~adpressus","canonical_url","exact_accepted_name","Melichrus adpressus","A","institutional_regional_flora","approved_registry_trait","review_only_not_promoted","638d216695a5a290b43da7b257f38c472b120103b9381ea60a3ccca855949823","2026-08-08T08:04:12.848410Z","inventory:plantnet.rbgsyd.nsw.gov.au","944","False","31247162370","9018965291","open-web-domain-backfill-31247162370"
"f7db2820acdc45f100830eb9","Planchonella myrsinifolia","floral_symmetry","floral_structural_complexity","Flowers bisexual, actinomorphic, 5-merous","actinomorphic","https://plantnet.rbgsyd.nsw.gov.au/cgi-bin/NSWfl.pl?page=nswfl&lvl=sp&name=Planchonella~myrsinifolia","PlantNET - FloraOnline","plantnet.rbgsyd.nsw.gov.au","unknown_not_recorded","Flowers bisexual, actinomorphic, 5-merous","url:https://plantnet.rbgsyd.nsw.gov.au/cgi-bin/NSWfl.pl?page=nswfl&lvl=sp&name=Planchonella~myrsinifolia","canonical_url","exact_accepted_name","Planchonella myrsinifolia","A","institutional_regional_flora","approved_registry_trait","review_only_not_promoted","ff16313ff5c6e0105fe9300a1bfff25806b9406ac3a3fad8b3340667090eb4ce","2026-08-08T09:44:19.988337Z","inventory:plantnet.rbgsyd.nsw.gov.au","805","False","31249406427","9020100238","open-web-domain-backfill-31249406427"
"33a4fbb0d0f31801c0fc5dbc","Ricinocarpos pinifolius","flower_size_class","floral_structural_complexity","10–15 mm","small","https://plantnet.rbgsyd.nsw.gov.au/cgi-bin/NSWfl.pl?page=nswfl&lvl=sp&name=Ricinocarpos~pinifolius","PlantNET - FloraOnline","plantnet.rbgsyd.nsw.gov.au","unknown_not_recorded","Petals 10–15 mm long, usually white","url:https://plantnet.rbgsyd.nsw.gov.au/cgi-bin/NSWfl.pl?page=nswfl&lvl=sp&name=Ricinocarpos~pinifolius","canonical_url","exact_accepted_name","Ricinocarpos pinifolius","A","institutional_regional_flora","approved_registry_trait","review_only_not_promoted","7126d31d3ef029b630f8e719970b958429c8968b690633a9550a5b5d90c63057","2026-08-08T08:04:43.593276Z","inventory:plantnet.rbgsyd.nsw.gov.au","992","False","31247162370","9018965291","open-web-domain-backfill-31247162370"
"182d48678fd480669d84a0e5","Santolina virens","inflorescence_display","floral_structural_complexity","flower head","composite_display","https://plants.ces.ncsu.edu/plants/santolina-virens","Santolina virens (Green Lavender Cotton, Green Santolina) | North Carolina Extension Gardener Plant Toolbox","plants.ces.ncsu.edu","en","Button-shaped yellow flower heads blossom in summer atop stalks rising well above the foliage.","url:https://plants.ces.ncsu.edu/plants/santolina-virens","canonical_url","exact_accepted_name","Santolina virens","B","university_extension","approved_registry_trait","review_only_not_promoted","1662de47c6c7f5570c245bfd0595fb1f703314e3936aab695e953edd0578cee9","2026-08-08T01:42:14.599527Z","inventory:plants.ces.ncsu.edu","130","False","31233181709","9014569071","open-web-domain-backfill-31233181709"
"b3fcf952e2724a6a4799f3f8","Saponaria calabrica","flower_size_class","floral_structural_complexity","3–6 mm","very_small","https://plantnet.rbgsyd.nsw.gov.au/cgi-bin/NSWfl.pl?page=nswfl&lvl=sp&name=Saponaria~calabrica","PlantNET - FloraOnline","plantnet.rbgsyd.nsw.gov.au","unknown_not_recorded","Limb of petals 3–6 mm long, mauve","url:https://plantnet.rbgsyd.nsw.gov.au/cgi-bin/NSWfl.pl?page=nswfl&lvl=sp&name=Saponaria~calabrica","canonical_url","exact_accepted_name","Saponaria calabrica","A","institutional_regional_flora","approved_registry_trait","review_only_not_promoted","2fd9347b74350bad720f547b3192931b32abdb08ae25fdbc2eccb7e764448a51","2026-08-08T08:00:10.499480Z","inventory:plantnet.rbgsyd.nsw.gov.au","556","False","31247162370","9018965291","open-web-domain-backfill-31247162370"
"a5d93a7dd0e15e23582e6ab1","Stenopetalum sphaerocarpum","flower_size_class","floral_structural_complexity","3–6 mm","very_small","https://plantnet.rbgsyd.nsw.gov.au/cgi-bin/NSWfl.pl?page=nswfl&lvl=sp&name=Stenopetalum~sphaerocarpum","PlantNET - FloraOnline","plantnet.rbgsyd.nsw.gov.au","unknown_not_recorded","Petals 3–6 mm long, olive-green to purple","url:https://plantnet.rbgsyd.nsw.gov.au/cgi-bin/NSWfl.pl?page=nswfl&lvl=sp&name=Stenopetalum~sphaerocarpum","canonical_url","exact_accepted_name","Stenopetalum sphaerocarpum","A","institutional_regional_flora","approved_registry_trait","review_only_not_promoted","aeb143400ec27dda8b6b3ce585782026f85320b2590414dfc82609e9913eeed8","2026-08-08T07:59:38.131475Z","inventory:plantnet.rbgsyd.nsw.gov.au","504","False","31247162370","9018965291","open-web-domain-backfill-31247162370"
"6cf8a7f2cb82a990788ab31d","Wurmbea latifolia","flower_size_class","floral_structural_complexity","5–11 mm","small","https://plantnet.rbgsyd.nsw.gov.au/cgi-bin/NSWfl.pl?page=nswfl&lvl=sp&name=Wurmbea~latifolia","PlantNET - FloraOnline","plantnet.rbgsyd.nsw.gov.au","unknown_not_recorded","flowers 2–9. Tepals 5–11 mm long, white;","url:https://plantnet.rbgsyd.nsw.gov.au/cgi-bin/NSWfl.pl?page=nswfl&lvl=sp&name=Wurmbea~latifolia","canonical_url","exact_accepted_name","Wurmbea latifolia","A","institutional_regional_flora","approved_registry_trait","review_only_not_promoted","52443d57e8be4901e20eac9dbf714c016ea2eb774b5a8565001d9d2c579454e3","2026-08-08T08:00:49.236823Z","inventory:plantnet.rbgsyd.nsw.gov.au","618","False","31247162370","9018965291","open-web-domain-backfill-31247162370"
"ccdf0d5a79143bf2fc739f11","Yucca rostrata","flower_size_class","floral_structural_complexity","1-3 inches","large","https://plants.ces.ncsu.edu/plants/yucca-rostrata","Yucca rostrata (Adam's Yucca, Beaked Blue Yucca, Beaked Yucca, Big Bend Yucca, Silver Yucca) | North Carolina Extension Gardener Plant Toolbox","plants.ces.ncsu.edu","en","Flower Size:: 1-3 inches","url:https://plants.ces.ncsu.edu/plants/yucca-rostrata","canonical_url","exact_accepted_name","Yucca rostrata","B","university_extension","approved_registry_trait","review_only_not_promoted","efe9081dbbb9194d879c2c19e169ed32c6f97c47febce70905486dc8492ee8a4","2026-08-08T01:44:12.278240Z","inventory:plants.ces.ncsu.edu","372","False","31233181709","9014569071","open-web-domain-backfill-31233181709"
