source_url,http_status,bytes,content_sha256,cache_file
https://www.orchidspecies.com/indexa-anat.htm,200,433308,49d681c48cd2360cff5f02f81a307470161c5e184b262f33438e294affc81083,.work\iospe-orchid-full-20260812\index_html\00_indexa-anat.htm
https://www.orchidspecies.com/indexanc.htm,200,409479,de8b8c6a872f3b8a4daa9433928c1aac7d78b2f46979c91d47bddc689536bc99,.work\iospe-orchid-full-20260812\index_html\01_indexanc.htm
https://www.orchidspecies.com/indexbulb.htm,200,910780,03df5f8118321865a53295a47f47dae5f2228c9342469857e4771508721a5b5c,.work\iospe-orchid-full-20260812\index_html\02_indexbulb.htm
https://www.orchidspecies.com/indexc.htm,200,524083,f6824d435355b6cced07483fe0532aee5201cd6b9b943d0f895105cd7c40b759,.work\iospe-orchid-full-20260812\index_html\03_indexc.htm
https://www.orchidspecies.com/indexcattleyo.htm,200,395368,c1cc249e94f40c143c7f6b00e47c2f4b303710df1b24f1b890ec0c7ea2e3d6db,.work\iospe-orchid-full-20260812\index_html\04_indexcattleyo.htm
https://www.orchidspecies.com/indexco.htm,200,760660,a616775f9ec7bd28100e8feabed14c0a0683add0d189ad0649f2dfd746005c69,.work\iospe-orchid-full-20260812\index_html\05_indexco.htm
https://www.orchidspecies.com/indexde.htm,200,637944,8be375a0636154354e650cd800788e0df4c98a9c8bfc37bcb87b6621b612db72,.work\iospe-orchid-full-20260812\index_html\06_indexde.htm
https://www.orchidspecies.com/indexdendroc.htm,200,548464,2affa5ada8524d4d42d9a16b678aa0691c0c33d9ec544e6075b842ed890608a1,.work\iospe-orchid-full-20260812\index_html\07_indexdendroc.htm
https://www.orchidspecies.com/indexe-ep.htm,200,213995,9c708b5447ab7fb641dd8aa28301d591d056bc3fea26a46090bec5c89e63705d,.work\iospe-orchid-full-20260812\index_html\08_indexe-ep.htm
https://www.orchidspecies.com/indexepid-ex.htm,200,1283380,324abb0d12b9306084004cfe43cf2c1df87f0a4d4c9b939e6bd8e86bcbfd0a6d,.work\iospe-orchid-full-20260812\index_html\09_indexepid-ex.htm
https://www.orchidspecies.com/indexfghijkl.htm,200,408282,cc35f3d3255fa8ca5f8841deb0a6203f86bb0c85c32e3c64aec2722445ff00a1,.work\iospe-orchid-full-20260812\index_html\10_indexfghijkl.htm
https://www.orchidspecies.com/indexhi.htm,200,705426,0e35b28b39afc03a3fe24daf31a12ffe5cedb2e4931b1898b937bf1113690d39,.work\iospe-orchid-full-20260812\index_html\11_indexhi.htm
https://www.orchidspecies.com/indexjkl.htm,200,1032563,e729b52f6fa005e2efbe0a693b5215586946c693a1b9491a7d39a2dbdac1d36e,.work\iospe-orchid-full-20260812\index_html\12_indexjkl.htm
https://www.orchidspecies.com/indexm-masd.htm,200,455464,1a764479748969f07da855354455a1c14358497123855216c9f80fcf33809e77,.work\iospe-orchid-full-20260812\index_html\13_indexm-masd.htm
https://www.orchidspecies.com/indexmast-max.htm,200,193270,bd48ba1cb009d2a7621946490e91603418d005b9495749dedd2a69cf8a22d2a2,.work\iospe-orchid-full-20260812\index_html\14_indexmast-max.htm
https://www.orchidspecies.com/indexme.htm,200,458325,8a06e2e1b5845b728a8646bd09c6c39ed73f5f6535e0c7eec94747c7f4a224a7,.work\iospe-orchid-full-20260812\index_html\15_indexme.htm
https://www.orchidspecies.com/indexo.htm,200,565102,a5b730c5fc636d4742ea5ec9cd3490282990fc729a98c93668215ccb775f5ce0,.work\iospe-orchid-full-20260812\index_html\16_indexo.htm
https://www.orchidspecies.com/indexor.htm,200,300296,5d162c5aaf15b559b7c54144aba247a6de205a728839422ba83d2153900c7fb0,.work\iospe-orchid-full-20260812\index_html\17_indexor.htm
https://www.orchidspecies.com/indexp-pf.htm,200,390005,6b6d538a40e5b81666969fa0d1ce43aa2f6b0c079cd62e59feb942b56d00d2b0,.work\iospe-orchid-full-20260812\index_html\18_indexp-pf.htm
https://www.orchidspecies.com/indexph-pk.htm,200,271098,7c6f5bbaac7daf2c06e935b07c130a77b99925fe83e3e01b7cfc14aed371f2bb,.work\iospe-orchid-full-20260812\index_html\19_indexph-pk.htm
https://www.orchidspecies.com/indexpl-pz.htm,200,1383255,18985e828ea420cf7e1e7b7c3aadd76fec26dd63c5a442786cbebf4968fcfb5d,.work\iospe-orchid-full-20260812\index_html\20_indexpl-pz.htm
https://www.orchidspecies.com/indexqrsel.htm,200,570913,0fee40549853c76f41f2f5a211f8f69c1594157bc4c9305a86f3380579236442,.work\iospe-orchid-full-20260812\index_html\21_indexqrsel.htm
https://www.orchidspecies.com/indexser.htm,200,845011,9bb9b4eca179a75a6be604060b4fc08ed7a92641fe0dfd5fd440cc111caf271a,.work\iospe-orchid-full-20260812\index_html\22_indexser.htm
https://www.orchidspecies.com/indextuvwxyz.htm,200,767551,4ca70f626cc29fc055bc74974171f3ca32cf52b54003c10a619236efbe384890,.work\iospe-orchid-full-20260812\index_html\23_indextuvwxyz.htm
https://www.orchidspecies.com/indexb.htm,200,295092,c418662147020d507de8a9c9b3a01546bdea32e550a2f27ae8587866ff62d09e,.work\iospe-orchid-full-20260812\index_html\24_indexb.htm
