searched_name,accepted_species,trait_name,source_url,decision,reason,source_lineage
Lindernia micrantha,,autonomous_selfing_capacity,https://pmc.ncbi.nlm.nih.gov/articles/PMC1586061/,rejected_identity_gate,"Frozen WFO produced competing accepted routes and strict GBIF returned HIGHERRANK; no species-direct row promoted",doi:10.1104/pp.106.083832
Lindernia micrantha,,self_incompatibility,https://pmc.ncbi.nlm.nih.gov/articles/PMC1586061/,rejected_identity_gate,"Frozen WFO produced competing accepted routes and strict GBIF returned HIGHERRANK; no species-direct row promoted",doi:10.1104/pp.106.083832
Torenia fournieri,Torenia fournieri,autonomous_selfing_capacity,https://pmc.ncbi.nlm.nih.gov/articles/PMC1586061/,not_promoted,"The source explicitly excludes T. fournieri from the automatically self-pollinating group; no positive autonomous state inferred",doi:10.1104/pp.106.083832
Pelargonium auritum,Pelargonium auritum,self_incompatibility,https://scholar.sun.ac.za/bitstreams/c99f4d18-b22e-46ec-959f-ed649e2a7144/download,rejected_hypothesis,"The thesis says self-compatibility could be the case; this is a hypothesis rather than observed species-direct evidence",hdl:10019.1/58560:marais-1994
Pelargonium bubonifolium,Pelargonium bubonifolium,self_incompatibility,https://scholar.sun.ac.za/bitstreams/c99f4d18-b22e-46ec-959f-ed649e2a7144/download,rejected_hypothesis,"The thesis says self-compatibility could be the case; this is a hypothesis rather than observed species-direct evidence",hdl:10019.1/58560:marais-1994
Pelargonium parvipetalum,Pelargonium parvipetalum,self_incompatibility,https://scholar.sun.ac.za/bitstreams/c99f4d18-b22e-46ec-959f-ed649e2a7144/download,rejected_hypothesis,"The thesis says self-compatibility could be the case; this is a hypothesis rather than observed species-direct evidence",hdl:10019.1/58560:marais-1994
Mammillaria magnimamma,Mammillaria magnimamma,self_incompatibility,https://doi.org/10.1016/j.jaridenv.2022.104885,pending_source_unretrieved,"Metadata and search results were available but the full original source could not be retrieved; snippets are not evidence",doi:10.1016/j.jaridenv.2022.104885
Dianella haematica,Dianella haematica,autonomous_selfing_capacity,https://en.wikipedia.org/wiki/Dianella_haematica,rejected_existing_contamination,"Existing row says pollination strategy is unknown and refers to a congener; barred from any Wave48 genus-rule training",wikipedia:en:dianella_haematica
Dianella latissima,Dianella latissima,autonomous_selfing_capacity,https://en.wikipedia.org/wiki/Dianella_latissima,rejected_existing_contamination,"Existing row says pollination strategy is unknown and refers to a congener; barred from any Wave48 genus-rule training",wikipedia:en:dianella_latissima
