accepted_species,axis,trait_name,normalized_value,quality,source_group,source_provider,source_url,source_record_id,source_citation,source_excerpt,evidence_scope,name_match_method,source_lineage,lineage_method,source_run_id,source_artifact,source_file,acceptance_contract,content_fingerprint
Callicarpa americana,reproductive_assurance,self_incompatibility,SC,high,wave48_primary_reproductive_sources,Contreras et al. 2014 primary article,https://horticulture.oregonstate.edu/sites/agscid7/files/horticulture/attachments/422.full.pdf,wave48:doi:10.21273-hortsci.49.4.422:callicarpa-americana:self-incompatibility,"Contreras RN, Ruter JM, Knauft DA. 2014. HortScience 49(4):422-424. doi:10.21273/HORTSCI.49.4.422","Self-pollination of C. americana in a glasshouse produced viable seed indicating self-compatibility.",species_direct,strict_wfo_gbif_two_backbone,doi:10.21273/hortsci.49.4.422,original_article_bibliographic_identity,web:retrieved-20260831,hortsci-49-4-422,pdf_sha256:6dfd54da350c33ea7cd7d5001a3da2d90c6d7118b5f71ca3457ec2a966f33202,species_direct_original_source_v1,038c65017903f2b56d2b1a4b0ceb244b519a91214e252226b0dc750a77f6e0c6
Pelargonium candicans,reproductive_assurance,self_incompatibility,SC,medium,wave48_thesis_reproductive_sources,Marais 1994 doctoral thesis,https://scholar.sun.ac.za/bitstreams/c99f4d18-b22e-46ec-959f-ed649e2a7144/download,wave48:hdl:10019.1-58560:pelargonium-candicans:self-incompatibility,"Marais EM. 1994. Taxonomic studies in Pelargonium section Hoarea (Geraniaceae). PhD thesis, Stellenbosch University.","As self-compatibility is not uncommon in Pelargonium (P. candicans Spreng, Marais 1981; P. dolomiticum Knuth, Zietsman 1993; P. oblongatum, own observations), this could be the case for P. auritum, P. bubonifolium and P. parvipetalum.",species_direct,strict_wfo_gbif_two_backbone,hdl:10019.1/58560:marais-1994,original_thesis_bibliographic_identity,web:retrieved-20260831,hdl-10019.1-58560,pdf_sha256:c1d6948538a7d8d81e327e76d003c50d2b36e5d87f659a5cc339a12d64af67d7,species_direct_original_source_v1,f8354132c66730b26ff6bc76833cddc4d8a7e6b212d60dd5688094dff3ceed8a
Spermacoce articularis,reproductive_assurance,autonomous_selfing_capacity,autonomous,high,wave48_primary_reproductive_sources,Raju and Radhakrishna 2017 primary article,https://revistas.um.es/analesbio/article/download/analesbio.39.13/281161/1418601,wave48:doi:10.6018-analesbio.39.13:spermacoce-articularis:autonomous-selfing,"Raju AJS, Radhakrishna J. 2017. Anales de Biologia 39:111-126. doi:10.6018/analesbio.39.13","In all the three Spermacoce species, the flowers are isostylous, weakly protandrous and the stamens and stigma are positioned at different heights. In S. hispida and S. articularis, the stigma straightens out without any contact with the anthers during flower bud stage but there is a possibility for contact between both the sex organs during flower life due to slight bending on the stigmatic lobes and the extended growth of the staminal filaments. In S. pusilla, the stigma straightens and stands almost at the bottom part of the anthers, the position of which largely facilitates contact between both of them during flower life. Autonomous self-pollination takes place when there is contact between the stigma and stamens in all the three species of Spermacoce.",species_direct,strict_wfo_gbif_two_backbone,doi:10.6018/analesbio.39.13,original_article_bibliographic_identity,web:retrieved-20260831,analesbio-39-13,pdf_sha256:18c86920287c9057dd98f8c9b990e0e5c1a556b83637972efff8aa6bc03d71ff,species_direct_original_source_v1,aca39240c5075ad890296dcb4c5e5b39a31a181cea15f57d05f1060d26d21e96
Spermacoce hispida,reproductive_assurance,autonomous_selfing_capacity,autonomous,high,wave48_primary_reproductive_sources,Raju and Radhakrishna 2017 primary article,https://revistas.um.es/analesbio/article/download/analesbio.39.13/281161/1418601,wave48:doi:10.6018-analesbio.39.13:spermacoce-hispida:autonomous-selfing,"Raju AJS, Radhakrishna J. 2017. Anales de Biologia 39:111-126. doi:10.6018/analesbio.39.13","In all the three Spermacoce species, the flowers are isostylous, weakly protandrous and the stamens and stigma are positioned at different heights. In S. hispida and S. articularis, the stigma straightens out without any contact with the anthers during flower bud stage but there is a possibility for contact between both the sex organs during flower life due to slight bending on the stigmatic lobes and the extended growth of the staminal filaments. In S. pusilla, the stigma straightens and stands almost at the bottom part of the anthers, the position of which largely facilitates contact between both of them during flower life. Autonomous self-pollination takes place when there is contact between the stigma and stamens in all the three species of Spermacoce.",species_direct,strict_wfo_gbif_two_backbone,doi:10.6018/analesbio.39.13,original_article_bibliographic_identity,web:retrieved-20260831,analesbio-39-13,pdf_sha256:18c86920287c9057dd98f8c9b990e0e5c1a556b83637972efff8aa6bc03d71ff,species_direct_original_source_v1,aca39240c5075ad890296dcb4c5e5b39a31a181cea15f57d05f1060d26d21e96
Spermacoce pusilla,reproductive_assurance,autonomous_selfing_capacity,autonomous,high,wave48_primary_reproductive_sources,Raju and Radhakrishna 2017 primary article,https://revistas.um.es/analesbio/article/download/analesbio.39.13/281161/1418601,wave48:doi:10.6018-analesbio.39.13:spermacoce-pusilla:autonomous-selfing,"Raju AJS, Radhakrishna J. 2017. Anales de Biologia 39:111-126. doi:10.6018/analesbio.39.13","In all the three Spermacoce species, the flowers are isostylous, weakly protandrous and the stamens and stigma are positioned at different heights. In S. hispida and S. articularis, the stigma straightens out without any contact with the anthers during flower bud stage but there is a possibility for contact between both the sex organs during flower life due to slight bending on the stigmatic lobes and the extended growth of the staminal filaments. In S. pusilla, the stigma straightens and stands almost at the bottom part of the anthers, the position of which largely facilitates contact between both of them during flower life. Autonomous self-pollination takes place when there is contact between the stigma and stamens in all the three species of Spermacoce.",species_direct,strict_wfo_gbif_two_backbone,doi:10.6018/analesbio.39.13,original_article_bibliographic_identity,web:retrieved-20260831,analesbio-39-13,pdf_sha256:18c86920287c9057dd98f8c9b990e0e5c1a556b83637972efff8aa6bc03d71ff,species_direct_original_source_v1,aca39240c5075ad890296dcb4c5e5b39a31a181cea15f57d05f1060d26d21e96
Torenia flava,reproductive_assurance,autonomous_selfing_capacity,autonomous,high,wave48_primary_reproductive_sources,Higashiyama et al. 2006 primary article,https://pmc.ncbi.nlm.nih.gov/articles/PMC1586061/,wave48:doi:10.1104-pp.106.083832:torenia-flava:autonomous-selfing,"Higashiyama T et al. 2006. Plant Physiology 142:481-491. doi:10.1104/pp.106.083832","Plants of the five species used in the study, Torenia fournieri, Torenia baillonii, Torenia concolor, Lindernia crustacea, and Lindernia micrantha, were grown in a regulated chamber at 25°C with a 16-h photoperiod (approximately 150 μmol m−2 s−1). Lindernia setulosa and Lindernia antipoda were grown in the same condition and used for phylogenetic analysis. For each experiment, ovules with placenta were excised from flowers with freshly opened stigmas using a stereomicroscope. Except for T. fournieri, these plants were automatically self pollinating; thus, they were emasculated before flowering by removing the sympetalous petals from which the stamens emerged. The pistils maturated normally and were pollinated with pollen grains from other flowers. None of these plants exhibited self incompatibility.",species_direct,strict_wfo_gbif_two_backbone,doi:10.1104/pp.106.083832,original_article_bibliographic_identity,web:retrieved-20260831,pmc1586061,content_anchor_sha256:0278915e10c9e4a41680ab57963ed4e43acae04a5b1f953190601206f37d4a81,species_direct_original_source_v1,0278915e10c9e4a41680ab57963ed4e43acae04a5b1f953190601206f37d4a81
Torenia concolor,reproductive_assurance,autonomous_selfing_capacity,autonomous,high,wave48_primary_reproductive_sources,Higashiyama et al. 2006 primary article,https://pmc.ncbi.nlm.nih.gov/articles/PMC1586061/,wave48:doi:10.1104-pp.106.083832:torenia-concolor:autonomous-selfing,"Higashiyama T et al. 2006. Plant Physiology 142:481-491. doi:10.1104/pp.106.083832","Plants of the five species used in the study, Torenia fournieri, Torenia baillonii, Torenia concolor, Lindernia crustacea, and Lindernia micrantha, were grown in a regulated chamber at 25°C with a 16-h photoperiod (approximately 150 μmol m−2 s−1). Lindernia setulosa and Lindernia antipoda were grown in the same condition and used for phylogenetic analysis. For each experiment, ovules with placenta were excised from flowers with freshly opened stigmas using a stereomicroscope. Except for T. fournieri, these plants were automatically self pollinating; thus, they were emasculated before flowering by removing the sympetalous petals from which the stamens emerged. The pistils maturated normally and were pollinated with pollen grains from other flowers. None of these plants exhibited self incompatibility.",species_direct,strict_wfo_gbif_two_backbone,doi:10.1104/pp.106.083832,original_article_bibliographic_identity,web:retrieved-20260831,pmc1586061,content_anchor_sha256:0278915e10c9e4a41680ab57963ed4e43acae04a5b1f953190601206f37d4a81,species_direct_original_source_v1,0278915e10c9e4a41680ab57963ed4e43acae04a5b1f953190601206f37d4a81
Torenia crustacea,reproductive_assurance,autonomous_selfing_capacity,autonomous,high,wave48_primary_reproductive_sources,Higashiyama et al. 2006 primary article,https://pmc.ncbi.nlm.nih.gov/articles/PMC1586061/,wave48:doi:10.1104-pp.106.083832:torenia-crustacea:autonomous-selfing,"Higashiyama T et al. 2006. Plant Physiology 142:481-491. doi:10.1104/pp.106.083832","Plants of the five species used in the study, Torenia fournieri, Torenia baillonii, Torenia concolor, Lindernia crustacea, and Lindernia micrantha, were grown in a regulated chamber at 25°C with a 16-h photoperiod (approximately 150 μmol m−2 s−1). Lindernia setulosa and Lindernia antipoda were grown in the same condition and used for phylogenetic analysis. For each experiment, ovules with placenta were excised from flowers with freshly opened stigmas using a stereomicroscope. Except for T. fournieri, these plants were automatically self pollinating; thus, they were emasculated before flowering by removing the sympetalous petals from which the stamens emerged. The pistils maturated normally and were pollinated with pollen grains from other flowers. None of these plants exhibited self incompatibility.",species_direct,strict_wfo_gbif_two_backbone,doi:10.1104/pp.106.083832,original_article_bibliographic_identity,web:retrieved-20260831,pmc1586061,content_anchor_sha256:0278915e10c9e4a41680ab57963ed4e43acae04a5b1f953190601206f37d4a81,species_direct_original_source_v1,0278915e10c9e4a41680ab57963ed4e43acae04a5b1f953190601206f37d4a81
Torenia fournieri,reproductive_assurance,self_incompatibility,SC,high,wave48_primary_reproductive_sources,Higashiyama et al. 2006 primary article,https://pmc.ncbi.nlm.nih.gov/articles/PMC1586061/,wave48:doi:10.1104-pp.106.083832:torenia-fournieri:self-incompatibility,"Higashiyama T et al. 2006. Plant Physiology 142:481-491. doi:10.1104/pp.106.083832","Plants of the five species used in the study, Torenia fournieri, Torenia baillonii, Torenia concolor, Lindernia crustacea, and Lindernia micrantha, were grown in a regulated chamber at 25°C with a 16-h photoperiod (approximately 150 μmol m−2 s−1). Lindernia setulosa and Lindernia antipoda were grown in the same condition and used for phylogenetic analysis. For each experiment, ovules with placenta were excised from flowers with freshly opened stigmas using a stereomicroscope. Except for T. fournieri, these plants were automatically self pollinating; thus, they were emasculated before flowering by removing the sympetalous petals from which the stamens emerged. The pistils maturated normally and were pollinated with pollen grains from other flowers. None of these plants exhibited self incompatibility.",species_direct,strict_wfo_gbif_two_backbone,doi:10.1104/pp.106.083832,original_article_bibliographic_identity,web:retrieved-20260831,pmc1586061,content_anchor_sha256:0278915e10c9e4a41680ab57963ed4e43acae04a5b1f953190601206f37d4a81,species_direct_original_source_v1,0278915e10c9e4a41680ab57963ed4e43acae04a5b1f953190601206f37d4a81
Torenia flava,reproductive_assurance,self_incompatibility,SC,high,wave48_primary_reproductive_sources,Higashiyama et al. 2006 primary article,https://pmc.ncbi.nlm.nih.gov/articles/PMC1586061/,wave48:doi:10.1104-pp.106.083832:torenia-flava:self-incompatibility,"Higashiyama T et al. 2006. Plant Physiology 142:481-491. doi:10.1104/pp.106.083832","Plants of the five species used in the study, Torenia fournieri, Torenia baillonii, Torenia concolor, Lindernia crustacea, and Lindernia micrantha, were grown in a regulated chamber at 25°C with a 16-h photoperiod (approximately 150 μmol m−2 s−1). Lindernia setulosa and Lindernia antipoda were grown in the same condition and used for phylogenetic analysis. For each experiment, ovules with placenta were excised from flowers with freshly opened stigmas using a stereomicroscope. Except for T. fournieri, these plants were automatically self pollinating; thus, they were emasculated before flowering by removing the sympetalous petals from which the stamens emerged. The pistils maturated normally and were pollinated with pollen grains from other flowers. None of these plants exhibited self incompatibility.",species_direct,strict_wfo_gbif_two_backbone,doi:10.1104/pp.106.083832,original_article_bibliographic_identity,web:retrieved-20260831,pmc1586061,content_anchor_sha256:0278915e10c9e4a41680ab57963ed4e43acae04a5b1f953190601206f37d4a81,species_direct_original_source_v1,0278915e10c9e4a41680ab57963ed4e43acae04a5b1f953190601206f37d4a81
Torenia concolor,reproductive_assurance,self_incompatibility,SC,high,wave48_primary_reproductive_sources,Higashiyama et al. 2006 primary article,https://pmc.ncbi.nlm.nih.gov/articles/PMC1586061/,wave48:doi:10.1104-pp.106.083832:torenia-concolor:self-incompatibility,"Higashiyama T et al. 2006. Plant Physiology 142:481-491. doi:10.1104/pp.106.083832","Plants of the five species used in the study, Torenia fournieri, Torenia baillonii, Torenia concolor, Lindernia crustacea, and Lindernia micrantha, were grown in a regulated chamber at 25°C with a 16-h photoperiod (approximately 150 μmol m−2 s−1). Lindernia setulosa and Lindernia antipoda were grown in the same condition and used for phylogenetic analysis. For each experiment, ovules with placenta were excised from flowers with freshly opened stigmas using a stereomicroscope. Except for T. fournieri, these plants were automatically self pollinating; thus, they were emasculated before flowering by removing the sympetalous petals from which the stamens emerged. The pistils maturated normally and were pollinated with pollen grains from other flowers. None of these plants exhibited self incompatibility.",species_direct,strict_wfo_gbif_two_backbone,doi:10.1104/pp.106.083832,original_article_bibliographic_identity,web:retrieved-20260831,pmc1586061,content_anchor_sha256:0278915e10c9e4a41680ab57963ed4e43acae04a5b1f953190601206f37d4a81,species_direct_original_source_v1,0278915e10c9e4a41680ab57963ed4e43acae04a5b1f953190601206f37d4a81
Torenia crustacea,reproductive_assurance,self_incompatibility,SC,high,wave48_primary_reproductive_sources,Higashiyama et al. 2006 primary article,https://pmc.ncbi.nlm.nih.gov/articles/PMC1586061/,wave48:doi:10.1104-pp.106.083832:torenia-crustacea:self-incompatibility,"Higashiyama T et al. 2006. Plant Physiology 142:481-491. doi:10.1104/pp.106.083832","Plants of the five species used in the study, Torenia fournieri, Torenia baillonii, Torenia concolor, Lindernia crustacea, and Lindernia micrantha, were grown in a regulated chamber at 25°C with a 16-h photoperiod (approximately 150 μmol m−2 s−1). Lindernia setulosa and Lindernia antipoda were grown in the same condition and used for phylogenetic analysis. For each experiment, ovules with placenta were excised from flowers with freshly opened stigmas using a stereomicroscope. Except for T. fournieri, these plants were automatically self pollinating; thus, they were emasculated before flowering by removing the sympetalous petals from which the stamens emerged. The pistils maturated normally and were pollinated with pollen grains from other flowers. None of these plants exhibited self incompatibility.",species_direct,strict_wfo_gbif_two_backbone,doi:10.1104/pp.106.083832,original_article_bibliographic_identity,web:retrieved-20260831,pmc1586061,content_anchor_sha256:0278915e10c9e4a41680ab57963ed4e43acae04a5b1f953190601206f37d4a81,species_direct_original_source_v1,0278915e10c9e4a41680ab57963ed4e43acae04a5b1f953190601206f37d4a81
