candidate_id,accepted_species,axis,trait_name,raw_value,normalized_value,evidence_quality,evidence_scope,source_group,source_provider,source_url,page_title,source_citation,source_excerpt,source_record_id,source_lineage,lineage_method,name_resolution_lineage,name_match_method,matched_page_name,source_tier,source_type,domain,language,wild_cultivated_cultivar_status,evidence_status,content_sha256,content_sha256_basis,retrieved_at_utc,query,search_rank,inference_rule
cb3bbf0f637fa6c6166d51d7,Alternanthera pungens,reproductive_assurance,self_incompatibility,ISI fruit=1.2273 SC; seed=1.2273 SC; composite NAG/PSSP/PX/SC,SC,high,species_direct,targeted_support2_wave18_checkpoint_20260820,Open Journal of Ecology,https://www.scirp.org/pdf/oje_2022071815180097.pdf,Sexual and Breeding Systems in a Xerophytic Shrubland,Ramirez 2022. Open Journal of Ecology 12:434-482. DOI 10.4236/oje.2022.127025.,"Alternanthera pungens 0.2171 PSSP 0.2171 PSSP PSSP 0.2664 PX 0.2664 PX PX 1.2273 SC 1.2273 SC SC; NAG, PSSP, PX, SC.",doi:10.4236/oje.2022.127025:Alternanthera pungens:self_incompatibility,doi:10.4236/oje.2022.127025,original_source_citation_or_canonical_treatment,master_accepted_name_and_family_exact,accepted_name_exact,Alternanthera pungens,A,primary_article_controlled_pollination_table,www.scirp.org,en,wild_or_species_level_not_cultivar_limited,accepted_individual_source_backed_audit,d3f46146de8bb7d8d6128050f20e76d88b2427ae426930035532b4a2d97b804b,retrieved_original_article_pdf_bytes,2026-08-20T16:30:00Z,"""Alternanthera pungens"" self compatibility breeding system",,
d9f2da1b657df71d9334098a,Echinochloa frumentacea,reproductive_assurance,cleistogamy,late season florets are cleistogamous,facultative,medium,species_direct,targeted_support2_wave18_checkpoint_20260820,International Journal of Current Research,https://journalcra.com/sites/default/files/issue-pdf/45982.pdf,"Origin, domestication, taxonomy, botanical description, genetics and cytogenetics, genetic diversity and breeding of barnyard millet",Swamy 2023. International Journal of Current Research 15(9):25839-25864. DOI 10.24941/ijcr.45982.09.2023.,Late season florets are cleistogamous (not opening). It is primarily self-pollinating and self-compatible. Some degree of outcrossing recorded which was facilitated by wind pollination.,doi:10.24941/ijcr.45982.09.2023:Echinochloa frumentacea:cleistogamy,doi:10.24941/ijcr.45982.09.2023,original_source_citation_or_canonical_treatment,master_accepted_name_and_family_exact,accepted_name_exact,Echinochloa frumentacea,B,peer_reviewed_crop_species_review,journalcra.com,en,cultivated_species_level_not_named_cultivar,accepted_individual_source_backed_audit,da4b017aa5c870104ef3037dc7d63a0ee247b89097c8f4df414db99c1ad3bbe9,retrieved_original_review_pdf_bytes,2026-08-20T16:30:00Z,"""Echinochloa frumentacea"" late season florets are cleistogamous",,
7f64b64f267284d9cfe3f306,Echinochloa frumentacea,reproductive_assurance,mating_system,primarily self-pollinating,predominantly_selfing,medium,species_direct,targeted_support2_wave18_checkpoint_20260820,International Journal of Current Research,https://journalcra.com/sites/default/files/issue-pdf/45982.pdf,"Origin, domestication, taxonomy, botanical description, genetics and cytogenetics, genetic diversity and breeding of barnyard millet",Swamy 2023. International Journal of Current Research 15(9):25839-25864. DOI 10.24941/ijcr.45982.09.2023.,Late season florets are cleistogamous (not opening). It is primarily self-pollinating and self-compatible. Some degree of outcrossing recorded which was facilitated by wind pollination.,doi:10.24941/ijcr.45982.09.2023:Echinochloa frumentacea:mating_system,doi:10.24941/ijcr.45982.09.2023,original_source_citation_or_canonical_treatment,master_accepted_name_and_family_exact,accepted_name_exact,Echinochloa frumentacea,B,peer_reviewed_crop_species_review,journalcra.com,en,cultivated_species_level_not_named_cultivar,accepted_individual_source_backed_audit,da4b017aa5c870104ef3037dc7d63a0ee247b89097c8f4df414db99c1ad3bbe9,retrieved_original_review_pdf_bytes,2026-08-20T16:30:00Z,"""Echinochloa frumentacea"" primarily self-pollinating",,
e115970fc08ae4598362ada2,Echinochloa frumentacea,reproductive_assurance,self_incompatibility,self-compatible,SC,medium,species_direct,targeted_support2_wave18_checkpoint_20260820,International Journal of Current Research,https://journalcra.com/sites/default/files/issue-pdf/45982.pdf,"Origin, domestication, taxonomy, botanical description, genetics and cytogenetics, genetic diversity and breeding of barnyard millet",Swamy 2023. International Journal of Current Research 15(9):25839-25864. DOI 10.24941/ijcr.45982.09.2023.,Late season florets are cleistogamous (not opening). It is primarily self-pollinating and self-compatible. Some degree of outcrossing recorded which was facilitated by wind pollination.,doi:10.24941/ijcr.45982.09.2023:Echinochloa frumentacea:self_incompatibility,doi:10.24941/ijcr.45982.09.2023,original_source_citation_or_canonical_treatment,master_accepted_name_and_family_exact,accepted_name_exact,Echinochloa frumentacea,B,peer_reviewed_crop_species_review,journalcra.com,en,cultivated_species_level_not_named_cultivar,accepted_individual_source_backed_audit,da4b017aa5c870104ef3037dc7d63a0ee247b89097c8f4df414db99c1ad3bbe9,retrieved_original_review_pdf_bytes,2026-08-20T16:30:00Z,"""Echinochloa frumentacea"" self-compatible",,
950f057c4ed958119be88412,Lolium canariense,reproductive_assurance,autonomous_selfing_capacity,preferentially autogamous; outcrossing rate 0.08-0.16,autonomous,medium,species_direct,targeted_support2_wave18_checkpoint_20260820,University of Kentucky International Grassland Congress Proceedings,https://uknowledge.uky.edu/igc/1993/session9/4/,Lolium canariense: An Endemic Ryegrass from Canary Islands,"Oliveira, Charmet, Balfourier & Ravel 1993. IGC Proceedings.","Preliminary results show that L. canariense is preferentially autogamous, with an outcrossing rate of 0.08-0.16.",url:https://uknowledge.uky.edu/igc/1993/session9/4/:Lolium canariense:autonomous_selfing_capacity,url:https://uknowledge.uky.edu/igc/1993/session9/4/,original_source_citation_or_canonical_treatment,master_accepted_name_and_family_exact,accepted_name_exact,Lolium canariense,B,university_hosted_population_genetics_proceedings,uknowledge.uky.edu,en,wild_or_species_level_not_cultivar_limited,accepted_individual_source_backed_audit,c61ebcfbd939ec555e9ed3bb55334c790e2827e3cf298bd5d1e77b0ed16dfbc2,retrieved_university_repository_html_bytes,2026-08-20T16:30:00Z,"""Lolium canariense"" autogamous outcrossing rate",,
6da9dc6854be6a6277f12e8c,Spathoglottis aurea,reproductive_assurance,autonomous_selfing_capacity,self-pollination in floral bud; developed pollen tubes and high fruit set,autonomous,medium,species_direct,targeted_support2_wave18_checkpoint_20260820,Forests / MDPI,https://www.mdpi.com/1999-4907/14/5/940,Morphological Systematics of Spathoglottis Blume (Orchidaceae: Collabieae) in Peninsular Malaysia and Borneo,Nordin et al. 2023. Forests 14:940. DOI 10.3390/f14050940.,"The much-reduced lip of S. aurea and S. microchilina, the underdeveloped rostellum, and the swollen ovary with developed pollen tubes during the floral bud stage are evidence of a self-pollination strategy. In this study, each of the individuals of S. microchilina from Borneo was observed to be completely cleistogamous or occasionally geitonogamous. The flower does not open fully, and fruit set percentage is very high; a sign of a successful self-pollination strategy. Likewise, similar observation was noticed among individuals of S. aurea from different populations in Peninsular Malaysia. A complete cleistogamous form of S. aurea is usually stunted or smaller in size, in comparison to the geitonogamous or insect-pollinated S. aurea.",doi:10.3390/f14050940:Spathoglottis aurea:autonomous_selfing_capacity,doi:10.3390/f14050940,original_source_citation_or_canonical_treatment,master_accepted_name_and_family_exact,accepted_name_exact,Spathoglottis aurea,A,peer_reviewed_morphological_systematics_observation,www.mdpi.com,en,wild_or_species_level_not_cultivar_limited,accepted_individual_source_backed_audit,8d9854d45b8975df7a0c56fdaa3b58e736d56ff962b8114db68ecc540446a1a8,retrieved_original_article_pdf_bytes,2026-08-20T16:30:00Z,"""Spathoglottis aurea"" self-pollination cleistogamous",,
7430dafa1fa7e98381492091,Spathoglottis aurea,reproductive_assurance,cleistogamy,cleistogamous forms with occasional geitonogamous or insect-pollinated forms,facultative,medium,species_direct,targeted_support2_wave18_checkpoint_20260820,Forests / MDPI,https://www.mdpi.com/1999-4907/14/5/940,Morphological Systematics of Spathoglottis Blume (Orchidaceae: Collabieae) in Peninsular Malaysia and Borneo,Nordin et al. 2023. Forests 14:940. DOI 10.3390/f14050940.,"The much-reduced lip of S. aurea and S. microchilina, the underdeveloped rostellum, and the swollen ovary with developed pollen tubes during the floral bud stage are evidence of a self-pollination strategy. In this study, each of the individuals of S. microchilina from Borneo was observed to be completely cleistogamous or occasionally geitonogamous. The flower does not open fully, and fruit set percentage is very high; a sign of a successful self-pollination strategy. Likewise, similar observation was noticed among individuals of S. aurea from different populations in Peninsular Malaysia. A complete cleistogamous form of S. aurea is usually stunted or smaller in size, in comparison to the geitonogamous or insect-pollinated S. aurea.",doi:10.3390/f14050940:Spathoglottis aurea:cleistogamy,doi:10.3390/f14050940,original_source_citation_or_canonical_treatment,master_accepted_name_and_family_exact,accepted_name_exact,Spathoglottis aurea,A,peer_reviewed_morphological_systematics_observation,www.mdpi.com,en,wild_or_species_level_not_cultivar_limited,accepted_individual_source_backed_audit,8d9854d45b8975df7a0c56fdaa3b58e736d56ff962b8114db68ecc540446a1a8,retrieved_original_article_pdf_bytes,2026-08-20T16:30:00Z,"""Spathoglottis aurea"" cleistogamous",,
595f321a1591a58ba977f1f6,Spathoglottis microchilina,reproductive_assurance,autonomous_selfing_capacity,self-pollination in floral bud; developed pollen tubes and high fruit set,autonomous,medium,species_direct,targeted_support2_wave18_checkpoint_20260820,Forests / MDPI,https://www.mdpi.com/1999-4907/14/5/940,Morphological Systematics of Spathoglottis Blume (Orchidaceae: Collabieae) in Peninsular Malaysia and Borneo,Nordin et al. 2023. Forests 14:940. DOI 10.3390/f14050940.,"The much-reduced lip of S. aurea and S. microchilina, the underdeveloped rostellum, and the swollen ovary with developed pollen tubes during the floral bud stage are evidence of a self-pollination strategy. In this study, each of the individuals of S. microchilina from Borneo was observed to be completely cleistogamous or occasionally geitonogamous. The flower does not open fully, and fruit set percentage is very high; a sign of a successful self-pollination strategy. Likewise, similar observation was noticed among individuals of S. aurea from different populations in Peninsular Malaysia. A complete cleistogamous form of S. aurea is usually stunted or smaller in size, in comparison to the geitonogamous or insect-pollinated S. aurea.",doi:10.3390/f14050940:Spathoglottis microchilina:autonomous_selfing_capacity,doi:10.3390/f14050940,original_source_citation_or_canonical_treatment,master_accepted_name_and_family_exact,accepted_name_exact,Spathoglottis microchilina,A,peer_reviewed_morphological_systematics_observation,www.mdpi.com,en,wild_or_species_level_not_cultivar_limited,accepted_individual_source_backed_audit,8d9854d45b8975df7a0c56fdaa3b58e736d56ff962b8114db68ecc540446a1a8,retrieved_original_article_pdf_bytes,2026-08-20T16:30:00Z,"""Spathoglottis microchilina"" self-pollination cleistogamous",,
71f097d5b5fe34bafaa3d978,Spathoglottis microchilina,reproductive_assurance,cleistogamy,cleistogamous forms with occasional geitonogamous or insect-pollinated forms,facultative,medium,species_direct,targeted_support2_wave18_checkpoint_20260820,Forests / MDPI,https://www.mdpi.com/1999-4907/14/5/940,Morphological Systematics of Spathoglottis Blume (Orchidaceae: Collabieae) in Peninsular Malaysia and Borneo,Nordin et al. 2023. Forests 14:940. DOI 10.3390/f14050940.,"The much-reduced lip of S. aurea and S. microchilina, the underdeveloped rostellum, and the swollen ovary with developed pollen tubes during the floral bud stage are evidence of a self-pollination strategy. In this study, each of the individuals of S. microchilina from Borneo was observed to be completely cleistogamous or occasionally geitonogamous. The flower does not open fully, and fruit set percentage is very high; a sign of a successful self-pollination strategy. Likewise, similar observation was noticed among individuals of S. aurea from different populations in Peninsular Malaysia. A complete cleistogamous form of S. aurea is usually stunted or smaller in size, in comparison to the geitonogamous or insect-pollinated S. aurea.",doi:10.3390/f14050940:Spathoglottis microchilina:cleistogamy,doi:10.3390/f14050940,original_source_citation_or_canonical_treatment,master_accepted_name_and_family_exact,accepted_name_exact,Spathoglottis microchilina,A,peer_reviewed_morphological_systematics_observation,www.mdpi.com,en,wild_or_species_level_not_cultivar_limited,accepted_individual_source_backed_audit,8d9854d45b8975df7a0c56fdaa3b58e736d56ff962b8114db68ecc540446a1a8,retrieved_original_article_pdf_bytes,2026-08-20T16:30:00Z,"""Spathoglottis microchilina"" cleistogamous",,
