accepted_species,genus,family,n_islands,n_records
Pseudorchis albida,Pseudorchis,Orchidaceae,83,4874
Hieracium umbellatum,Hieracium,Asteraceae,425,24331
Rubia peregrina,Rubia,Rubiaceae,105,18520
Medicago polymorpha,Medicago,Fabaceae,249,8366
Lolium pratense,Lolium,Poaceae,441,71323
Cyperus rotundus,Cyperus,Cyperaceae,284,5459
Calytrix exstipulata,Calytrix,Myrtaceae,43,249
Euphorbia hyssopifolia,Euphorbia,Euphorbiaceae,117,994
Alchemilla vulgaris,Alchemilla,Rosaceae,222,7956
Secamone elliptica,Secamone,Apocynaceae,62,371
Melissa officinalis,Melissa,Lamiaceae,175,21111
Melastoma cyanoides,Melastoma,Melastomataceae,14,116
Theobroma cacao,Theobroma,Malvaceae,112,1213
Monotropa uniflora,Monotropa,Ericaceae,119,5313
Corypha utan,Corypha,Arecaceae,30,145
Barleria repens,Barleria,Acanthaceae,40,883
Persea borbonia,Persea,Lauraceae,23,115
Samolus repens,Samolus,Primulaceae,67,2865
Drymonia serrulata,Drymonia,Gesneriaceae,7,35
Glochidion ramiflorum,Glochidion,Phyllanthaceae,41,179
Pinellia ternata,Pinellia,Araceae,50,1104
Coptis trifolia,Coptis,Ranunculaceae,126,2366
Anaxagorea luzonensis,Anaxagorea,Annonaceae,16,105
Armoracia rusticana,Armoracia,Brassicaceae,198,61407
Acer saccharinum,Acer,Sapindaceae,37,52349
Melicope latifolia,Melicope,Rutaceae,36,165
Silene gallica,Silene,Caryophyllaceae,239,14001
Smyrnium olusatrum,Smyrnium,Apiaceae,126,50833
Cecropia peltata,Cecropia,Urticaceae,39,393
Populus trichocarpa,Populus,Salicaceae,68,3832
Ficus hispida,Ficus,Moraceae,57,660
Piper arboreum,Piper,Piperaceae,21,253
Scoparia dulcis,Scoparia,Plantaginaceae,152,1862
Trachymene didiscoides,Trachymene,Araliaceae,28,94
Solanum capsicoides,Solanum,Solanaceae,80,1366
Alpinia japonica,Alpinia,Zingiberaceae,12,882
Muscari armeniacum,Muscari,Asparagaceae,83,18497
Palaquium obtusifolium,Palaquium,Sapotaceae,15,66
Begonia tenuifolia,Begonia,Begoniaceae,6,48
Chenopodium ficifolium,Chenopodium,Amaranthaceae,112,22614
Dichondra repens,Dichondra,Convolvulaceae,82,3018
Freycinetia microdonta,Freycinetia,Pandanaceae,7,31
Lobelia chinensis,Lobelia,Campanulaceae,33,1094
Lithocarpus edulis,Lithocarpus,Fagaceae,30,853
Rumex hydrolapathum,Rumex,Polygonaceae,112,37870
Stackhousia monogyna,Stackhousia,Celastraceae,20,1326
Macadamia ternifolia,Macadamia,Proteaceae,12,30
Rhinanthus groenlandicus,Rhinanthus,Orobanchaceae,74,858
Ziziphus oenopolia,Ziziphus,Rhamnaceae,21,100
Elaeocarpus miegei,Elaeocarpus,Elaeocarpaceae,8,129
Cerinthe major,Cerinthe,Boraginaceae,60,2312
Dysoxylum acutangulum,Dysoxylum,Meliaceae,22,185
Fraxinus angustifolia,Fraxinus,Oleaceae,31,1824
Diospyros andamanica,Diospyros,Ebenaceae,9,131
Petrosedum forsterianum,Petrosedum,Crassulaceae,53,5788
Blackstonia acuminata,Blackstonia,Gentianaceae,29,343
Semecarpus forstenii,Semecarpus,Anacardiaceae,30,205
Causonis maritima,Causonis,Vitaceae,25,142
Viola rossii,Viola,Violaceae,40,671
Hopea mengarawan,Hopea,Dipterocarpaceae,8,145
Amphitecna latifolia,Amphitecna,Bignoniaceae,17,164
Myristica cumingii,Myristica,Myristicaceae,11,42
Cucumis althaeoides,Cucumis,Cucurbitaceae,37,97
Allium thunbergii,Allium,Amaryllidaceae,52,845
Heteropterys laurifolia,Heteropterys,Malpighiaceae,8,203
Epilobium lamyi,Epilobium,Onagraceae,64,1333
Amyema beccarii,Amyema,Loranthaceae,9,37
Trimezia steyermarkii,Trimezia,Iridaceae,37,373
Wikstroemia genkwa,Wikstroemia,Thymelaeaceae,10,81
Pachycereus pringlei,Pachycereus,Cactaceae,19,267
Garcinia tetrandra,Garcinia,Clusiaceae,7,26
Limonium palmare,Limonium,Plumbaginaceae,11,28
Vriesea gigantea,Vriesea,Bromeliaceae,10,46
Comesperma defoliatum,Comesperma,Polygalaceae,11,107
Rhuacophila javanica,Rhuacophila,Asphodelaceae,17,167
Bursera epinnata,Bursera,Burseraceae,10,45
Valerianella dentata,Valerianella,Caprifoliaceae,50,7306
Impatiens beccarii,Impatiens,Balsaminaceae,2,45
Juncus acutiflorus,Juncus,Juncaceae,111,132885
Triadenum fraseri,Triadenum,Hypericaceae,24,113
Aristolochia odoratissima,Aristolochia,Aristolochiaceae,8,21
Saxifraga paniculata,Saxifraga,Saxifragaceae,54,491
Myoporum acuminatum,Myoporum,Scrophulariaceae,26,57
Pollia thyrsiflora,Pollia,Commelinaceae,21,114
Ceratopetalum gummiferum,Ceratopetalum,Cunoniaceae,4,22
Terminalia litoralis,Terminalia,Combretaceae,11,44
Actinidia indochinensis,Actinidia,Actinidiaceae,3,7
Corydalis heterocarpa,Corydalis,Papaveraceae,44,228
Geranium endressii,Geranium,Geraniaceae,35,7925
Ilex anomala,Ilex,Aquifoliaceae,10,725
Calophyllum pisiferum,Calophyllum,Calophyllaceae,4,10
Eurya vitiensis,Eurya,Pentaphylacaceae,5,17
Tetracera volubilis,Tetracera,Dilleniaceae,9,47
Cissampelos andromorpha,Cissampelos,Menispermaceae,9,14
Adenia macrophylla,Adenia,Passifloraceae,10,285
Dioscorea cordata,Dioscorea,Dioscoreaceae,10,171
Lantana horrida,Lantana,Verbenaceae,20,81
Phyllangium distylis,Phyllangium,Loganiaceae,6,76
Lilium debile,Lilium,Liliaceae,22,206
Billardiera scandens,Billardiera,Pittosporaceae,9,66
Hedycarya baudouinii,Hedycarya,Monimiaceae,3,32
Eriocaulon scariosum,Eriocaulon,Eriocaulaceae,5,16
Woodfordia fruticosa,Woodfordia,Lythraceae,16,193
Viscum orientale,Viscum,Viscaceae,6,60
Euploca strigosa,Euploca,Heliotropiaceae,12,77
Symplocos liukiuensis,Symplocos,Symplocaceae,7,154
Commicarpus australis,Commicarpus,Nyctaginaceae,14,76
Cordia elliptica,Cordia,Cordiaceae,7,39
Capparis canescens,Capparis,Capparaceae,10,33
Nepenthes hirsuta,Nepenthes,Nepenthaceae,2,75
Phrynium maximum,Phrynium,Marantaceae,5,48
Goodenia arachnoidea,Goodenia,Goodeniaceae,7,13
Hirtella zanzibarica,Hirtella,Chrysobalanaceae,4,40
Utricularia lateriflora,Utricularia,Lentibulariaceae,15,313
Potamogeton cheesemanii,Potamogeton,Potamogetonaceae,22,1919
Smilax calophylla,Smilax,Smilacaceae,12,53
Oxalis enneaphylla,Oxalis,Oxalidaceae,12,169
Gordonia lasianthus,Gordonia,Theaceae,4,33
Cistus incanus,Cistus,Cistaceae,11,275
Epimedium diphyllum,Epimedium,Berberidaceae,7,64
Alnus maximowiczii,Alnus,Betulaceae,26,1108
Napoleonaea imperialis,Napoleonaea,Lecythidaceae,5,11
Magnolia tripetala,Magnolia,Magnoliaceae,5,95
Ouratea elliptica,Ouratea,Ochnaceae,4,30
Erythroxylum Mosquito-Point,Erythroxylum,Erythroxylaceae,4,6
Micranthemum umbrosum,Micranthemum,Linderniaceae,8,12
Sambucus kamtschatica,Sambucus,Viburnaceae,17,288
Drypetes grandifolia,Drypetes,Putranjivaceae,5,27
Lampranthus multiradiatus,Lampranthus,Aizoaceae,14,109
Hydrangea anomala,Hydrangea,Hydrangeaceae,7,114
Myriophyllum amphibium,Myriophyllum,Haloragaceae,9,212
Connarus salomoniensis,Connarus,Connaraceae,4,12
Linum maritimum,Linum,Linaceae,7,61
Celtis occidentalis,Celtis,Cannabaceae,19,3461
Xylotheca tettensis,Xylotheca,Achariaceae,3,5
Uvularia grandiflora,Uvularia,Colchicaceae,5,18
Cornus torreyi,Cornus,Cornaceae,9,38
Bourreria exsucca,Bourreria,Ehretiaceae,5,33
Roepera similis,Roepera,Zygophyllaceae,6,42
Buxus rivularis,Buxus,Buxaceae,2,3
Vallisneria americana,Vallisneria,Hydrocharitaceae,23,58
Veratrum albiflorum,Veratrum,Melanthiaceae,7,12
Dionaea muscipula,Dionaea,Droseraceae,6,36
Ceriops zippeliana,Ceriops,Rhizophoraceae,13,193
Sarcolaena eriophora,Sarcolaena,Sarcolaenaceae,1,144
Rumicastrum granuliferum,Rumicastrum,Montiaceae,6,29
Collomia linearis,Collomia,Polemoniaceae,5,12
Iodes velutina,Iodes,Icacinaceae,2,7
Polyosma bracteosa,Polyosma,Escalloniaceae,1,45
Alisma wahlenbergii,Alisma,Alismataceae,9,532
Stemonurus grandifolius,Stemonurus,Stemonuraceae,2,60
Diplacus aurantiacus,Diplacus,Phrymaceae,5,46
Gaimardia setacea,Gaimardia,Restionaceae,5,234
Soulamea trifoliata,Soulamea,Simaroubaceae,2,38
Xyris cheumatophila,Xyris,Xyridaceae,3,34
Ribes americanum,Ribes,Grossulariaceae,5,16
Stylidium adenophorum,Stylidium,Stylidiaceae,4,7
Dictyostega orobanchoides,Dictyostega,Burmanniaceae,2,6
Allocasuarina duncanii,Allocasuarina,Casuarinaceae,2,121
Cleome rupicola,Cleome,Cleomaceae,3,16
Nothofagus alessandrii,Nothofagus,Nothofagaceae,2,17
Zygogynum tieghemii,Zygogynum,Winteraceae,1,62
Fothergilla gardenii,Fothergilla,Hamamelidaceae,3,5
Heliconia vaginalis,Heliconia,Heliconiaceae,3,27
Euryale ferox,Euryale,Nymphaeaceae,5,148
Micrantheum serpentinum,Micrantheum,Picrodendraceae,1,208
Monocostus uniflorus,Monocostus,Costaceae,3,7
Phacelia patuliflora,Phacelia,Hydrophyllaceae,3,16
Musella lasiocarpa,Musella,Musaceae,2,5
Portulaca macrantha,Portulaca,Portulacaceae,4,17
Meliosma parviflora,Meliosma,Sabiaceae,2,2
Exocarpos sparteus,Exocarpos,Santalaceae,3,8
Amphorogyne celastroides,Amphorogyne,Amphorogynaceae,1,26
Carya aquatica,Carya,Juglandaceae,4,9
Dichapetalum pachypus,Dichapetalum,Dichapetalaceae,1,183
Styrax porterianus,Styrax,Styracaceae,2,4
Purdiaea ekmanii,Purdiaea,Clethraceae,1,13
Illicium stapfii,Illicium,Schisandraceae,2,62
Ulmus thomasii,Ulmus,Ulmaceae,2,4
Sparganium androcladum,Sparganium,Typhaceae,6,16
Curculigo maheensis,Curculigo,Hypoxidaceae,1,40
Chloranthus oldhamii,Chloranthus,Chloranthaceae,1,1113
Elaeagnus yoshinoi,Elaeagnus,Elaeagnaceae,2,65
Morella serrata,Morella,Myricaceae,1,22
Quintinia macrophylla,Quintinia,Paracryphiaceae,1,13
Milligania densiflora,Milligania,Asteliaceae,1,251
Marcgravia elegans,Marcgravia,Marcgraviaceae,1,7
Hernandia cubensis,Hernandia,Hernandiaceae,1,4
Aponogeton undulatus,Aponogeton,Aponogetonaceae,1,2
Anisophyllea parafallax,Anisophyllea,Anisophylleaceae,1,2
Blumenbachia hieronymi,Blumenbachia,Loasaceae,1,2
Nymphoides thunbergiana,Nymphoides,Menyanthaceae,1,5
Mollugo pinosia,Mollugo,Molluginaceae,1,3
Uncarina roeoesliana,Uncarina,Pedaliaceae,1,7
Pera pallidifolia,Pera,Peraceae,1,5
Thesium cystoseriroides,Thesium,Thesiaceae,1,3
Arboa antsingyae,Arboa,Turneraceae,1,3
Citronella hirsuta,Citronella,Cardiopteridaceae,1,10
Rafflesia kemumu,Rafflesia,Rafflesiaceae,1,1
Dalrympelea calciphila,Dalrympelea,Staphyleaceae,1,2
Xerophyta parviflora,Xerophyta,Velloziaceae,1,2
Balanophora dioica,Balanophora,Balanophoraceae,1,2
Olax pendula,Olax,Olacaceae,1,1
Ledenbergia seguieroides,Ledenbergia,Phytolaccaceae,1,3
Triuris hyalina,Triuris,Triuridaceae,1,2
Tricolpites minutus,Tricolpites,Gunneraceae,1,1
Mastixia trichophylla,Mastixia,Nyssaceae,1,2
Reseda orientalis,Reseda,Resedaceae,1,8
Zostera capensis,Zostera,Zosteraceae,2,5
Tamarix passerinoides,Tamarix,Tamaricaceae,1,1
Vochysia tucanorum,Vochysia,Vochysiaceae,1,1
Calanthe triplicata,Calanthe,Orchidaceae,81,1430
Gnaphalium uliginosum,Gnaphalium,Asteraceae,404,93028
Erithalis fruticosa,Erithalis,Rubiaceae,104,878
Guilandina bonduc,Guilandina,Fabaceae,244,2022
Eleusine indica,Eleusine,Poaceae,439,10574
Rhynchospora alba,Rhynchospora,Cyperaceae,278,16583
Melaleuca cajuputi,Melaleuca,Myrtaceae,42,738
Mallotus japonicus,Mallotus,Euphorbiaceae,116,6216
Alchemilla alpina,Alchemilla,Rosaceae,219,28315
Trachelospermum jasminoides,Trachelospermum,Apocynaceae,61,864
Coleus scutellarioides,Coleus,Lamiaceae,172,1761
Medinilla teysmannii,Medinilla,Melastomataceae,14,70
Sida cordifolia,Sida,Malvaceae,110,1125
Gaultheria shallon,Gaultheria,Ericaceae,116,18043
Sabal minor,Sabal,Arecaceae,28,243
Strobilanthes alternata,Strobilanthes,Acanthaceae,40,102
Litsea firma,Litsea,Lauraceae,22,226
Lysimachia linum-stellatum,Lysimachia,Primulaceae,67,1376
Dorcoceras philippense,Dorcoceras,Gesneriaceae,7,28
Phyllanthus maderaspatensis,Phyllanthus,Phyllanthaceae,40,161
Syngonium angustatum,Syngonium,Araceae,49,878
Ranunculus sulphureus,Ranunculus,Ranunculaceae,122,1304
Drepananthus obtusifolius,Drepananthus,Annonaceae,16,85
Lobularia maritima,Lobularia,Brassicaceae,196,18074
Acer glabrum,Acer,Sapindaceae,37,602
Zanthoxylum nitidum,Zanthoxylum,Rutaceae,35,2185
Spergularia media,Spergularia,Caryophyllaceae,231,19565
Cicuta virosa,Cicuta,Apiaceae,124,6946
Pilea nummulariifolia,Pilea,Urticaceae,39,332
Populus tremuloides,Populus,Salicaceae,66,1350
Ficus subpisocarpa,Ficus,Moraceae,56,3417
Peperomia pallida,Peperomia,Piperaceae,20,121
Antirrhinum majus,Antirrhinum,Plantaginaceae,147,23226
Polyscias nodosa,Polyscias,Araliaceae,26,148
Solanum pseudocapsicum,Solanum,Solanaceae,76,2470
Renealmia aromatica,Renealmia,Zingiberaceae,12,82
Dracaena reflexa,Dracaena,Asparagaceae,80,5037
Planchonella pohlmaniana,Planchonella,Sapotaceae,15,31
Begonia mindorensis,Begonia,Begoniaceae,6,20
Alternanthera brasiliana,Alternanthera,Amaranthaceae,98,631
Calystegia silvatica,Calystegia,Convolvulaceae,81,80495
Freycinetia hombronii,Freycinetia,Pandanaceae,7,17
Solenopsis laurentia,Solenopsis,Campanulaceae,33,392
Quercus palustris,Quercus,Fagaceae,21,106134
Persicaria longiseta,Persicaria,Polygonaceae,107,5008
Gymnosporia diversifolia,Gymnosporia,Celastraceae,20,542
Grevillea rosmarinifolia,Grevillea,Proteaceae,11,106
Orobanche pubescens,Orobanche,Orobanchaceae,72,613
Pomaderris apetala,Pomaderris,Rhamnaceae,20,5863
Elaeocarpus sepikanus,Elaeocarpus,Elaeocarpaceae,8,112
Echium parviflorum,Echium,Boraginaceae,60,824
Aglaia elliptica,Aglaia,Meliaceae,21,471
Syringa josikaea,Syringa,Oleaceae,26,63
Diospyros fasciculosa,Diospyros,Ebenaceae,8,327
Sedum litoreum,Sedum,Crassulaceae,53,358
Swertia perennis,Swertia,Gentianaceae,29,251
Koordersiodendron pinnatum,Koordersiodendron,Anacardiaceae,29,278
Vitis aestivalis,Vitis,Vitaceae,25,141
Viola japonica,Viola,Violaceae,35,1019
Hopea acuminata,Hopea,Dipterocarpaceae,8,106
Pandorea jasminoides,Pandorea,Bignoniaceae,17,60
Horsfieldia whitmorei,Horsfieldia,Myristicaceae,11,33
Citrullus colocynthis,Citrullus,Cucurbitaceae,36,180
Allium sativum,Allium,Amaryllidaceae,52,349
Bunchosia armeniaca,Bunchosia,Malpighiaceae,8,21
Oenothera odorata,Oenothera,Onagraceae,56,175
Amyema conspicua,Amyema,Loranthaceae,9,35
Crocus tommasinianus,Crocus,Iridaceae,35,6654
Aquilaria sinensis,Aquilaria,Thymelaeaceae,10,56
Opuntia tuna,Opuntia,Cactaceae,18,98
Garcinia corallina,Garcinia,Clusiaceae,6,210
Plumbago indica,Plumbago,Plumbaginaceae,11,27
Bromelia karatas,Bromelia,Bromeliaceae,10,45
Polygala longifolia,Polygala,Polygalaceae,11,68
Xanthorrhoea latifolia,Xanthorrhoea,Asphodelaceae,16,121
Dacryodes rugosa,Dacryodes,Burseraceae,9,345
Valeriana dioica,Valeriana,Caprifoliaceae,48,30720
Impatiens gordonii,Impatiens,Balsaminaceae,2,36
Luzula pallescens,Luzula,Juncaceae,111,566
Cratoxylum formosum,Cratoxylum,Hypericaceae,23,211
Aristolochia debilis,Aristolochia,Aristolochiaceae,7,388
Saxifraga platysepala,Saxifraga,Saxifragaceae,50,526
Verbascum pulverulentum,Verbascum,Scrophulariaceae,25,1821
Rhopalephora vitiensis,Rhopalephora,Commelinaceae,20,38
Bauera capitata,Bauera,Cunoniaceae,4,16
Terminalia samoensis,Terminalia,Combretaceae,11,32
Saurauia negrosensis,Saurauia,Actinidiaceae,3,7
Papaver setiferum,Papaver,Papaveraceae,41,1077
Geranium phaeum,Geranium,Geraniaceae,31,7217
Ilex chinensis,Ilex,Aquifoliaceae,10,463
Calophyllum rubiginosum,Calophyllum,Calophyllaceae,4,10
Ternstroemia tepezapote,Ternstroemia,Pentaphylacaceae,5,12
Tetracera willdenowiana,Tetracera,Dilleniaceae,9,29
Stephania corymbosa,Stephania,Menispermaceae,8,36
Passiflora sexflora,Passiflora,Passifloraceae,9,460
Dioscorea villosa,Dioscorea,Dioscoreaceae,10,90
Lantana polyacantha,Lantana,Verbenaceae,17,28
Geniostoma tinifolium,Geniostoma,Loganiaceae,6,70
Clintonia uniflora,Clintonia,Liliaceae,21,536
Pittosporum campbellii,Pittosporum,Pittosporaceae,9,50
Hedycarya denticulata,Hedycarya,Monimiaceae,3,22
Eriocaulon zollingerianum,Eriocaulon,Eriocaulaceae,4,21
Lagerstroemia celebica,Lagerstroemia,Lythraceae,16,131
Phoradendron mucronatum,Phoradendron,Viscaceae,6,53
Myriopus microphyllus,Myriopus,Heliotropiaceae,12,74
Symplocos lucida,Symplocos,Symplocaceae,7,35
Bougainvillea buttiana,Bougainvillea,Nyctaginaceae,14,29
Cordia panamensis,Cordia,Cordiaceae,7,27
Capparis zeylanica,Capparis,Capparaceae,9,74
Nepenthes philippinensis,Nepenthes,Nepenthaceae,2,67
Goeppertia inocephala,Goeppertia,Marantaceae,5,21
Scaevola calendulacea,Scaevola,Goodeniaceae,6,67
Parinari campestris,Parinari,Chrysobalanaceae,4,24
Utricularia chrysantha,Utricularia,Lentibulariaceae,14,59
Potamogeton trichoides,Potamogeton,Potamogetonaceae,20,3392
Smilax glyciphylla,Smilax,Smilacaceae,11,78
Oxalis frutescens,Oxalis,Oxalidaceae,12,59
Camellia hiemalis,Camellia,Theaceae,4,23
Crocanthemum canadense,Crocanthemum,Cistaceae,11,154
Berberis stenophylla,Berberis,Berberidaceae,7,45
Carpinus tschonoskii,Carpinus,Betulaceae,25,2689
Lecythis zabucajo,Lecythis,Lecythidaceae,5,6
Magnolia macklottii,Magnolia,Magnoliaceae,5,94
Ouratea hexasperma,Ouratea,Ochnaceae,4,26
Erythroxylum hypericifolium,Erythroxylum,Erythroxylaceae,3,728
Lindernia alsinoides,Lindernia,Linderniaceae,7,14
Viburnum furcatum,Viburnum,Viburnaceae,16,3331
Drypetes hoaensis,Drypetes,Putranjivaceae,5,9
Delosperma cooperi,Delosperma,Aizoaceae,13,25
Hydrangea kawagoeana,Hydrangea,Hydrangeaceae,7,58
Proserpinaca pectinata,Proserpinaca,Haloragaceae,9,23
Connarus africanus,Connarus,Connaraceae,4,10
Linum stelleroides,Linum,Linaceae,7,53
Celtis strychnoides,Celtis,Cannabaceae,19,38
Hydnocarpus pentandrus,Hydnocarpus,Achariaceae,3,4
Wurmbea dioica,Wurmbea,Colchicaceae,4,376
Cornus capitata,Cornus,Cornaceae,8,630
Rochefortia barloventensis,Rochefortia,Ehretiaceae,5,11
Fagonia indica,Fagonia,Zygophyllaceae,6,36
Buxus stenophylla,Buxus,Buxaceae,2,2
Blyxa echinosperma,Blyxa,Hydrocharitaceae,20,137
Helonias breviscapa,Helonias,Melanthiaceae,5,319
Drosera dilatatopetiolaris,Drosera,Droseraceae,6,30
Kandelia candel,Kandelia,Rhizophoraceae,12,83
Leptolaena arenaria,Leptolaena,Sarcolaenaceae,1,128
Claytonia washingtoniana,Claytonia,Montiaceae,6,16
Gilia angelensis,Gilia,Polemoniaceae,4,123
Pyrenacantha rakotozafyi,Pyrenacantha,Icacinaceae,2,7
Polyosma subalpina,Polyosma,Escalloniaceae,1,37
Sagittaria platyphylla,Sagittaria,Alismataceae,9,75
Grisollea crassifolia,Grisollea,Stemonuraceae,2,58
Erythranthe tenella,Erythranthe,Phrymaceae,5,27
Aphelia pumilio,Aphelia,Restionaceae,5,158
Soulamea tomentosa,Soulamea,Simaroubaceae,2,36
Xyris bancana,Xyris,Xyridaceae,3,21
Ribes hudsonianum,Ribes,Grossulariaceae,5,6
Forstera tenella,Forstera,Stylidiaceae,3,1657
Gymnosiphon marieae,Gymnosiphon,Burmanniaceae,2,4
Casuarina oligodon,Casuarina,Casuarinaceae,2,79
Iltisiella tenuis,Iltisiella,Cleomaceae,3,13
Nothofagus starkenborghiorum,Nothofagus,Nothofagaceae,2,17
Zygogynum bicolor,Zygogynum,Winteraceae,1,33
Dicoryphe stipulacea,Dicoryphe,Hamamelidaceae,2,404
Heliconia bourgaeana,Heliconia,Heliconiaceae,3,20
Barclaya motleyi,Barclaya,Nymphaeaceae,5,48
Austrobuxus brevipes,Austrobuxus,Picrodendraceae,1,79
Costus lima,Costus,Costaceae,3,6
Phacelia linearis,Phacelia,Hydrophyllaceae,3,7
Musa campestris,Musa,Musaceae,1,96
Portulaca tuberosa,Portulaca,Portulacaceae,4,5
Sabia transarisanensis,Sabia,Sabiaceae,1,164
Myoschilos oblongum,Myoschilos,Santalaceae,3,3
Amphorogyne spicata,Amphorogyne,Amphorogynaceae,1,24
Engelhardtia rigida,Engelhardtia,Juglandaceae,3,43
Dichapetalum bojeri,Dichapetalum,Dichapetalaceae,1,182
Styrax odoratissimus,Styrax,Styracaceae,2,3
Purdiaea microphylla,Purdiaea,Clethraceae,1,11
Kadsura oblongifolia,Kadsura,Schisandraceae,2,16
Zelkova schneideriana,Zelkova,Ulmaceae,2,2
Typha capensis,Typha,Typhaceae,5,13
Pauridia capensis,Pauridia,Hypoxidaceae,1,10
Ascarina solmsiana,Ascarina,Chloranthaceae,1,52
Elaeagnus rotundata,Elaeagnus,Elaeagnaceae,2,37
Myrica holdrigeana,Myrica,Myricaceae,1,10
Quintinia pachyphylla,Quintinia,Paracryphiaceae,1,13
Astelia graminea,Astelia,Asteliaceae,1,174
Marcgravia polyantha,Marcgravia,Marcgraviaceae,1,7
Illigera elegans,Illigera,Hernandiaceae,1,4
Aponogeton angustifolius,Aponogeton,Aponogetonaceae,1,1
Anisophyllea sororia,Anisophyllea,Anisophylleaceae,1,2
Mentzelia lindheimeri,Mentzelia,Loasaceae,1,2
Nymphoides triangularis,Nymphoides,Menyanthaceae,1,5
Paramollugo deltoidea,Paramollugo,Molluginaceae,1,3
Sesamum prostratum,Sesamum,Pedaliaceae,1,4
Pera microcarpa,Pera,Peraceae,1,4
Thesium tenuissimum,Thesium,Thesiaceae,1,3
Turnera triglandulosa,Turnera,Turneraceae,1,3
Citronella philippinensis,Citronella,Cardiopteridaceae,1,2
Rafflesia lawangensis,Rafflesia,Rafflesiaceae,1,1
Turpinia indochinensis,Turpinia,Staphyleaceae,1,2
Xerophyta viscosa,Xerophyta,Velloziaceae,1,2
Balanophora latisepala,Balanophora,Balanophoraceae,1,1
Olax pseudoleioides,Olax,Olacaceae,1,1
Ercilla spicata,Ercilla,Phytolaccaceae,1,1
Sciaphila consimilis,Sciaphila,Triuridaceae,1,1
Tricolpites reticulata,Tricolpites,Gunneraceae,1,1
Mastixia octandra,Mastixia,Nyssaceae,1,1
Reseda complicata,Reseda,Resedaceae,1,1
Zostera polychlamys,Zostera,Zosteraceae,1,1
Ophrys apifera,Ophrys,Orchidaceae,80,48276
Mycelis muralis,Mycelis,Asteraceae,370,65306
Randia aculeata,Randia,Rubiaceae,95,1798
Vicia villosa,Vicia,Fabaceae,238,6483
Puccinellia distans,Puccinellia,Poaceae,437,31831
Fimbristylis cymosa,Fimbristylis,Cyperaceae,275,1927
Metrosideros collina,Metrosideros,Myrtaceae,40,719
Euphorbia tithymaloides,Euphorbia,Euphorbiaceae,116,582
Alchemilla glabra,Alchemilla,Rosaceae,213,52878
Cryptostegia grandiflora,Cryptostegia,Apocynaceae,61,760
Marrubium vulgare,Marrubium,Lamiaceae,160,7282
Memecylon ovatum,Memecylon,Melastomataceae,14,36
Malva multiflora,Malva,Malvaceae,108,4437
Cassiope tetragona,Cassiope,Ericaceae,103,2673
Manicaria saccifera,Manicaria,Arecaceae,28,222
Sanchezia oblonga,Sanchezia,Acanthaceae,39,429
Cinnamomum iners,Cinnamomum,Lauraceae,20,476
Primula cuneifolia,Primula,Primulaceae,62,676
Kohleria hirsuta,Kohleria,Gesneriaceae,7,19
Phyllanthus emblica,Phyllanthus,Phyllanthaceae,37,306
Alocasia cucullata,Alocasia,Araceae,48,331
Ranunculus pygmaeus,Ranunculus,Ranunculaceae,120,1767
Miliusa horsfieldii,Miliusa,Annonaceae,15,164
Raphanus sativus,Raphanus,Brassicaceae,190,4199
Litchi chinensis,Litchi,Sapindaceae,36,377
Tetradium glabrifolium,Tetradium,Rutaceae,35,1167
Stellaria crassifolia,Stellaria,Caryophyllaceae,226,1553
Scandix pecten-veneris,Scandix,Apiaceae,121,10049
Pilea cadierei,Pilea,Urticaceae,36,173
Salix triandra,Salix,Salicaceae,63,10179
Antiaris toxicaria,Antiaris,Moraceae,53,500
Piper celtidiforme,Piper,Piperaceae,19,205
Russelia equisetiformis,Russelia,Plantaginaceae,145,996
Hedera canariensis,Hedera,Araliaceae,24,782
Solanum seaforthianum,Solanum,Solanaceae,71,738
Alpinia novae-pommeraniae,Alpinia,Zingiberaceae,12,35
Scilla luciliae,Scilla,Asparagaceae,79,1292
Synsepalum dulcificum,Synsepalum,Sapotaceae,14,37
Begonia integrifolia,Begonia,Begoniaceae,6,10
Atriplex longipes,Atriplex,Amaranthaceae,95,1874
Decalobanthus peltatus,Decalobanthus,Convolvulaceae,81,817
Pandanus furcatus,Pandanus,Pandanaceae,7,16
Campanula dasyantha,Campanula,Campanulaceae,33,388
Quercus phillyreoides,Quercus,Fagaceae,21,472
Rumex maritimus,Rumex,Polygonaceae,97,8332
Celastrus punctatus,Celastrus,Celastraceae,20,382
Hakea teretifolia,Hakea,Proteaceae,10,581
Melampyrum cristatum,Melampyrum,Orobanchaceae,71,4397
Gouania polygama,Gouania,Rhamnaceae,20,305
Elaeocarpus submonoceras,Elaeocarpus,Elaeocarpaceae,8,98
Lappula squarrosa,Lappula,Boraginaceae,57,1039
Aglaia argentea,Aglaia,Meliaceae,21,403
Fraxinus pennsylvanica,Fraxinus,Oleaceae,25,45022
Diospyros macrophylla,Diospyros,Ebenaceae,8,115
Petrosedum sediforme,Petrosedum,Crassulaceae,49,1242
Comastoma tenellum,Comastoma,Gentianaceae,28,526
Comocladia dodonaea,Comocladia,Anacardiaceae,25,658
Cissus nodosa,Cissus,Vitaceae,24,115
Rinorea bengalensis,Rinorea,Violaceae,32,301
Vatica venulosa,Vatica,Dipterocarpaceae,8,92
Millingtonia hortensis,Millingtonia,Bignoniaceae,17,48
Knema glauca,Knema,Myristicaceae,10,214
Benincasa hispida,Benincasa,Cucurbitaceae,32,80
Hippeastrum puniceum,Hippeastrum,Amaryllidaceae,51,198
Byrsonima chrysophylla,Byrsonima,Malpighiaceae,8,15
Ludwigia palustris,Ludwigia,Onagraceae,54,1180
Dendrophthoe odontocalyx,Dendrophthoe,Loranthaceae,9,35
Freesia leichtlinii,Freesia,Iridaceae,35,313
Pimelea humilis,Pimelea,Thymelaeaceae,9,2057
Cereus hexagonus,Cereus,Cactaceae,18,62
Clusia flava,Clusia,Clusiaceae,6,39
Limonium companyonis,Limonium,Plumbaginaceae,10,135
Aechmea distichantha,Aechmea,Bromeliaceae,10,28
Polygala cruciata,Polygala,Polygalaceae,11,41
Dianella odorata,Dianella,Asphodelaceae,15,109
Canarium littorale,Canarium,Burseraceae,8,278
Leycesteria formosa,Leycesteria,Caprifoliaceae,48,28459
Impatiens choneceras,Impatiens,Balsaminaceae,2,31
Juncus arcticus,Juncus,Juncaceae,110,2403
Cratoxylum cochinchinense,Cratoxylum,Hypericaceae,21,325
Asarum hexalobum,Asarum,Aristolochiaceae,7,120
Micranthes ferruginea,Micranthes,Saxifragaceae,45,1187
Buddleja madagascariensis,Buddleja,Scrophulariaceae,24,370
Pollia japonica,Pollia,Commelinaceae,18,2019
Spiraeanthemum integrifolium,Spiraeanthemum,Cunoniaceae,4,14
Combretum coccineum,Combretum,Combretaceae,10,439
Saurauia roxburghii,Saurauia,Actinidiaceae,3,7
Papaver lapponicum,Papaver,Papaveraceae,40,398
Erodium lebelii,Erodium,Geraniaceae,31,883
Ilex triflora,Ilex,Aquifoliaceae,10,139
Kayea philippinensis,Kayea,Calophyllaceae,4,8
Eurya loquaiana,Eurya,Pentaphylacaceae,4,1296
Hibbertia empetrifolia,Hibbertia,Dilleniaceae,8,1030
Pycnarrhena ozantha,Pycnarrhena,Menispermaceae,8,28
Passiflora aurantioides,Passiflora,Passifloraceae,9,124
Dioscorea pseudojaponica,Dioscorea,Dioscoreaceae,10,47
Lippia stoechadifolia,Lippia,Verbenaceae,15,83
Neuburgia moluccana,Neuburgia,Loganiaceae,6,23
Lilium leichtlinii,Lilium,Liliaceae,20,585
Pittosporum senacia,Pittosporum,Pittosporaceae,8,4510
Steganthera salomonensis,Steganthera,Monimiaceae,3,19
Eriocaulon brevipedunculatum,Eriocaulon,Eriocaulaceae,4,13
Lagerstroemia subcostata,Lagerstroemia,Lythraceae,15,2942
Phoradendron californicum,Phoradendron,Viscaceae,6,43
Euploca microphylla,Euploca,Heliotropiaceae,12,57
Symplocos anomala,Symplocos,Symplocaceae,6,804
Mirabilis nyctaginea,Mirabilis,Nyctaginaceae,13,209
Varronia cylindristachya,Varronia,Cordiaceae,7,19
Capparis callophylla,Capparis,Capparaceae,9,42
Nepenthes inermis,Nepenthes,Nepenthaceae,2,49
Stachyphrynium repens,Stachyphrynium,Marantaceae,5,17
Scaevola neoebudica,Scaevola,Goodeniaceae,6,48
Moquilea platypus,Moquilea,Chrysobalanaceae,4,22
Utricularia purpurea,Utricularia,Lentibulariaceae,13,100
Potamogeton richardsonii,Potamogeton,Potamogetonaceae,20,44
Smilax anceps,Smilax,Smilacaceae,10,2823
Oxalis violacea,Oxalis,Oxalidaceae,11,23
Gordonia haematoxylon,Gordonia,Theaceae,4,12
Lechea intermedia,Lechea,Cistaceae,11,65
Berberis wilsoniae,Berberis,Berberidaceae,6,328
Corylus sieboldiana,Corylus,Betulaceae,25,2595
Barringtonia scortechinii,Barringtonia,Lecythidaceae,4,72
Magnolia macrophylla,Magnolia,Magnoliaceae,5,25
Ouratea cearensis,Ouratea,Ochnaceae,4,21
Erythroxylum ferrugineum,Erythroxylum,Erythroxylaceae,3,421
Craterostigma nummulariifolium,Craterostigma,Linderniaceae,6,36
Viburnum dentatum,Viburnum,Viburnaceae,15,250
Drypetes madagascariensis,Drypetes,Putranjivaceae,4,1168
Zaleya pentandra,Zaleya,Aizoaceae,11,55
Hydrangea arborescens,Hydrangea,Hydrangeaceae,7,56
Gonocarpus montanus,Gonocarpus,Haloragaceae,8,646
Rourea coccinea,Rourea,Connaraceae,4,8
Linum bahamense,Linum,Linaceae,7,21
Celtis latifolia,Celtis,Cannabaceae,14,259
Prockiopsis hildebrandtii,Prockiopsis,Achariaceae,2,98
Colchicum alpinum,Colchicum,Colchicaceae,4,75
Cornus amomum,Cornus,Cornaceae,8,125
Bourreria domingensis,Bourreria,Ehretiaceae,4,15
Roepera fruticulosa,Roepera,Zygophyllaceae,6,28
Buxus itremoensis,Buxus,Buxaceae,1,78
Hydrocharis laevigata,Hydrocharis,Hydrocharitaceae,19,73
Chamaelirium koidzumianum,Chamaelirium,Melanthiaceae,5,51
Drosera arcturi,Drosera,Droseraceae,5,1691
Cassipourea gummiflua,Cassipourea,Rhizophoraceae,6,160
Schizolaena viscosa,Schizolaena,Sarcolaenaceae,1,121
Claytonia virginica,Claytonia,Montiaceae,5,292
Gilia clivorum,Gilia,Polemoniaceae,4,101
Ryticaryum macrocarpum,Ryticaryum,Icacinaceae,2,4
Polyosma brachystachys,Polyosma,Escalloniaceae,1,36
Caldesia parnassifolia,Caldesia,Alismataceae,8,156
Grisollea myrianthea,Grisollea,Stemonuraceae,2,42
Erythranthe grandis,Erythranthe,Phrymaceae,5,12
Centrolepis philippinensis,Centrolepis,Restionaceae,5,130
Simarouba laevis,Simarouba,Simaroubaceae,2,26
Xyris platylepis,Xyris,Xyridaceae,3,18
Ribes maximoviczianum,Ribes,Grossulariaceae,4,14
Oreostylidium subulatum,Oreostylidium,Stylidiaceae,3,231
Thismia javanica,Thismia,Burmanniaceae,2,3
Gymnostoma poissonianum,Gymnostoma,Casuarinaceae,2,77
Sieruela monophylla,Sieruela,Cleomaceae,3,12
Nothofagus gunnii,Nothofagus,Nothofagaceae,1,801
Pseudowintera insperata,Pseudowintera,Winteraceae,1,31
Dicoryphe macrophylla,Dicoryphe,Hamamelidaceae,2,62
Heliconia aurantiaca,Heliconia,Heliconiaceae,3,9
Nuphar rubrodisca,Nuphar,Nymphaeaceae,5,15
Austrobuxus eugeniifolius,Austrobuxus,Picrodendraceae,1,79
Costus lasius,Costus,Costaceae,3,3
Phacelia ciliata,Phacelia,Hydrophyllaceae,3,6
Musa monticola,Musa,Musaceae,1,38
Portulaca canariensis,Portulaca,Portulacaceae,3,16
Meliosma callicarpifolia,Meliosma,Sabiaceae,1,125
Exocarpos bidwillii,Exocarpos,Santalaceae,2,772
Cladomyza dubia,Cladomyza,Amphorogynaceae,1,20
Juglans californica,Juglans,Juglandaceae,3,9
Dichapetalum humbertii,Dichapetalum,Dichapetalaceae,1,76
Pterostyrax psilophyllus,Pterostyrax,Styracaceae,2,2
Purdiaea shaferi,Purdiaea,Clethraceae,1,11
Illicium angustisepalum,Illicium,Schisandraceae,2,11
Ulmus uyematsui,Ulmus,Ulmaceae,1,293
Typha elephantina,Typha,Typhaceae,3,16
Hypoxis nervosa,Hypoxis,Hypoxidaceae,1,4
Hedyosmum costaricense,Hedyosmum,Chloranthaceae,1,17
Elaeagnus numajiriana,Elaeagnus,Elaeagnaceae,2,21
Morella arborea,Morella,Myricaceae,1,6
Sphenostemon comptonii,Sphenostemon,Paracryphiaceae,1,13
Milligania lindoniana,Milligania,Asteliaceae,1,150
Marcgravia pedunculosa,Marcgravia,Marcgraviaceae,1,4
Illigera parviflora,Illigera,Hernandiaceae,1,4
Aponogeton bernerianus,Aponogeton,Aponogetonaceae,1,1
Anisophyllea bakoensis,Anisophyllea,Anisophylleaceae,1,1
Eucnide bartonioides,Eucnide,Loasaceae,1,1
Nymphoides furculifolia,Nymphoides,Menyanthaceae,1,3
Paramollugo navassensis,Paramollugo,Molluginaceae,1,2
Uncarina turicana,Uncarina,Pedaliaceae,1,4
Chaetocarpus parvifolius,Chaetocarpus,Peraceae,1,3
Thesium funale,Thesium,Thesiaceae,1,1
Erblichia odorata,Erblichia,Turneraceae,1,1
Citronella smythii,Citronella,Cardiopteridaceae,1,2
Rafflesia rochussenii,Rafflesia,Rafflesiaceae,1,1
Dalrympelea stipulacea,Dalrympelea,Staphyleaceae,1,1
Vellozia hemisphaerica,Vellozia,Velloziaceae,1,1
Balanophora polyandra,Balanophora,Balanophoraceae,1,1
Olax zeylanica,Olax,Olacaceae,1,1
Seguieria langsdorffii,Seguieria,Phytolaccaceae,1,1
Sciaphila purpurea,Sciaphila,Triuridaceae,1,1
Ophrys sphegodes,Ophrys,Orchidaceae,76,4773
Jacobaea vulgaris,Jacobaea,Asteraceae,348,295001
Ernodea littoralis,Ernodea,Rubiaceae,92,574
Trifolium fragiferum,Trifolium,Fabaceae,229,25197
Lolium arundinaceum,Lolium,Poaceae,433,117667
Carex magellanica,Carex,Cyperaceae,272,3346
Metrosideros excelsa,Metrosideros,Myrtaceae,39,3365
Euphorbia mesembryanthemifolia,Euphorbia,Euphorbiaceae,112,915
Alchemilla monticola,Alchemilla,Rosaceae,211,2268
Hoya australis,Hoya,Apocynaceae,61,372
Vitex agnus-castus,Vitex,Lamiaceae,158,4536
Pleroma semidecandrum,Pleroma,Melastomataceae,14,36
Abelmoschus moschatus,Abelmoschus,Malvaceae,102,673
Erica arborea,Erica,Ericaceae,93,11097
Phoenix roebelenii,Phoenix,Arecaceae,28,66
Justicia carnea,Justicia,Acanthaceae,39,202
Nothaphoebe umbelliflora,Nothaphoebe,Lauraceae,20,226
Androsace septentrionalis,Androsace,Primulaceae,60,1468
Cyrtandra subulibractea,Cyrtandra,Gesneriaceae,7,17
Phyllanthus caroliniensis,Phyllanthus,Phyllanthaceae,37,150
Dracunculus vulgaris,Dracunculus,Araceae,46,2138
Clematis vitalba,Clematis,Ranunculaceae,119,110165
Huberantha nitidissima,Hubera,Annonaceae,15,30
Cakile edentula,Cakile,Brassicaceae,186,2763
Harpullia cupanioides,Harpullia,Sapindaceae,36,328
Melicope elleryana,Melicope,Rutaceae,35,840
Cerastium tomentosum,Cerastium,Caryophyllaceae,224,26242
Cyclospermum leptophyllum,Cyclospermum,Apiaceae,113,1211
Cecropia schreberiana,Cecropia,Urticaceae,31,1372
Salix myrsinites,Salix,Salicaceae,61,2409
Ficus religiosa,Ficus,Moraceae,51,917
Piper marginatum,Piper,Piperaceae,19,183
Plantago asiatica,Plantago,Plantaginaceae,138,6004
Hydrocotyle hirta,Hydrocotyle,Araliaceae,23,3013
Datura wrightii,Datura,Solanaceae,68,540
Alpinia caerulea,Alpinia,Zingiberaceae,12,30
Hyacinthus orientalis,Hyacinthus,Asparagaceae,74,3024
Manilkara bidentata,Manilkara,Sapotaceae,13,168
Begonia aptera,Begonia,Begoniaceae,5,163
Cyathula prostrata,Cyathula,Amaranthaceae,95,791
Dichondra micrantha,Dichondra,Convolvulaceae,80,1682
Pandanus papuanus,Pandanus,Pandanaceae,6,50
Peracarpa carnosa,Peracarpa,Campanulaceae,32,2038
Castanea mollissima,Castanea,Fagaceae,20,310
Rumex aquaticus,Rumex,Polygonaceae,97,721
Hippocratea volubilis,Hippocratea,Celastraceae,20,272
Hakea decurrens,Hakea,Proteaceae,10,148
Melampyrum arvense,Melampyrum,Orobanchaceae,65,4174
Rhamnus napalensis,Rhamnus,Rhamnaceae,18,335
Elaeocarpus argenteus,Elaeocarpus,Elaeocarpaceae,8,72
Amsinckia menziesii,Amsinckia,Boraginaceae,56,9067
Trichilia hirta,Trichilia,Meliaceae,21,301
Fraxinus americana,Fraxinus,Oleaceae,24,1670
Diospyros pyrrhocarpa,Diospyros,Ebenaceae,8,105
Sedum japonicum,Sedum,Crassulaceae,49,788
Gentiana glauca,Gentiana,Gentianaceae,28,177
Metopium brownei,Metopium,Anacardiaceae,23,298
Leea aculeata,Leea,Vitaceae,23,247
Viola alba,Viola,Violaceae,31,2302
Vatica pauciflora,Vatica,Dipterocarpaceae,8,78
Handroanthus impetiginosum,Handroanthus,Bignoniaceae,17,31
Horsfieldia moluccana,Horsfieldia,Myristicaceae,10,99
Luffa acutangula,Luffa,Cucurbitaceae,31,63
Agapanthus praecox,Agapanthus,Amaryllidaceae,49,3230
Hiraea reclinata,Hiraea,Malpighiaceae,7,47
Oenothera lindheimeri,Oenothera,Onagraceae,53,309
Decaisnina brittenii,Decaisnina,Loranthaceae,9,12
Dietes bicolor,Dietes,Iridaceae,34,132
Edgeworthia chrysantha,Edgeworthia,Thymelaeaceae,9,459
Epiphyllum phyllanthus,Epiphyllum,Cactaceae,17,37
Garcinia atroviridis,Garcinia,Clusiaceae,6,24
Limonium perezii,Limonium,Plumbaginaceae,9,43
Werauhia ringens,Werauhia,Bromeliaceae,9,62
Polygala parviloba,Polygala,Polygalaceae,11,37
Aloiampelos ciliaris,Aloiampelos,Asphodelaceae,15,46
Triomma malaccensis,Triomma,Burseraceae,8,164
Weigela florida,Weigela,Caprifoliaceae,48,1053
Impatiens manteroana,Impatiens,Balsaminaceae,2,23
Luzula parviflora,Luzula,Juncaceae,110,561
Hypericum dubium,Hypericum,Hypericaceae,20,6670
Aristolochia bracteolata,Aristolochia,Aristolochiaceae,7,24
Rodgersia podophylla,Rodgersia,Saxifragaceae,40,1535
Myoporum tenuifolium,Myoporum,Scrophulariaceae,24,364
Cartonema parviflorum,Cartonema,Commelinaceae,16,57
Pterophylla richii,Pterophylla,Cunoniaceae,4,11
Combretum latifolium,Combretum,Combretaceae,10,50
Saurauia vulcani,Saurauia,Actinidiaceae,3,7
Corydalis turtschaninovii,Corydalis,Papaveraceae,40,189
Pelargonium australe,Pelargonium,Geraniaceae,30,971
Ilex dioica,Ilex,Aquifoliaceae,10,61
Calophyllum vitiense,Calophyllum,Calophyllaceae,4,7
Adinandra yaeyamensis,Adinandra,Pentaphylacaceae,4,154
Hibbertia sericea,Hibbertia,Dilleniaceae,8,532
Hyperbaena cubensis,Hyperbaena,Menispermaceae,7,50
Adenia cordifolia,Adenia,Passifloraceae,9,123
Dioscorea pyrifolia,Dioscorea,Dioscoreaceae,9,136
Aloysia citrodora,Aloysia,Verbenaceae,15,70
Mitrasacme multicaulis,Mitrasacme,Loganiaceae,6,16
Lilium tsingtauense,Lilium,Liliaceae,20,45
Pittosporum bicolor,Pittosporum,Pittosporaceae,8,3278
Tambourissa comorensis,Tambourissa,Monimiaceae,3,16
Eriocaulon parkeri,Eriocaulon,Eriocaulaceae,4,13
Rotala ramosior,Rotala,Lythraceae,15,90
Korthalsella taenioides,Korthalsella,Viscaceae,6,25
Euploca nana,Euploca,Heliotropiaceae,11,23
Symplocos tinctoria,Symplocos,Symplocaceae,6,22
Commicarpus helenae,Commicarpus,Nyctaginaceae,13,95
Varronia linnaei,Varronia,Cordiaceae,6,42
Capparis jacobsii,Capparis,Capparaceae,9,18
Nepenthes abalata,Nepenthes,Nepenthaceae,2,22
Thaumatococcus daniellii,Thaumatococcus,Marantaceae,5,7
Scaevola coriacea,Scaevola,Goodeniaceae,6,37
Hirtella americana,Hirtella,Chrysobalanaceae,4,18
Utricularia japonica,Utricularia,Lentibulariaceae,11,300
Potamogeton octandrus,Potamogeton,Potamogetonaceae,19,883
Smilax herbacea,Smilax,Smilacaceae,10,48
Oxalis oregana,Oxalis,Oxalidaceae,10,253
Camellia brevistyla,Camellia,Theaceae,3,714
Lechea mucronata,Lechea,Cistaceae,10,54
Berberis aristata,Berberis,Berberidaceae,6,86
Ostrya carpinifolia,Ostrya,Betulaceae,25,959
Eschweilera coriacea,Eschweilera,Lecythidaceae,4,33
Magnolia coco,Magnolia,Magnoliaceae,5,20
Ouratea castaneifolia,Ouratea,Ochnaceae,4,17
Erythroxylum sideroxyloides,Erythroxylum,Erythroxylaceae,3,353
Artanema longifolium,Artanema,Linderniaceae,6,15
Sambucus mexicana,Sambucus,Viburnaceae,15,56
Putranjiva formosana,Putranjiva,Putranjivaceae,4,206
Aizoanthemopsis hispanica,Aizoanthemopsis,Aizoaceae,10,81
Philadelphus inodorus,Philadelphus,Hydrangeaceae,7,21
Gonocarpus aggregatus,Gonocarpus,Haloragaceae,8,628
Rourea thomsonii,Rourea,Connaraceae,4,7
Linum pubescens,Linum,Linaceae,6,81
Trema andersonii,Trema,Cannabaceae,14,53
Hydnocarpus borneensis,Hydnocarpus,Achariaceae,2,90
Colchicum atticum,Colchicum,Colchicaceae,4,4
Alangium meyeri,Alangium,Cornaceae,8,93
Bourreria petiolaris,Bourreria,Ehretiaceae,4,6
Tribulopis pentandra,Tribulopis,Zygophyllaceae,6,9
Buxus hildebrandtii,Buxus,Buxaceae,1,75
Hydrocharis dubia,Hydrocharis,Hydrocharitaceae,16,268
Helonias kawanoi,Helonias,Melanthiaceae,5,25
Drosera glanduligera,Drosera,Droseraceae,5,74
Rhizophora samoensis,Rhizophora,Rhizophoraceae,6,18
Pentachlaena latifolia,Pentachlaena,Sarcolaenaceae,1,118
Rumicastrum eremaeum,Rumicastrum,Montiaceae,5,26
Polemonium schizanthum,Polemonium,Polemoniaceae,4,38
Ryticaryum oxycarpum,Ryticaryum,Icacinaceae,2,4
Polyosma hookeri,Polyosma,Escalloniaceae,1,28
Hydrocleys nymphoides,Hydrocleys,Alismataceae,8,105
Gomphandra subrostrata,Gomphandra,Stemonuraceae,2,33
Diplacus parviflorus,Diplacus,Phrymaceae,4,901
Baloskion pallens,Baloskion,Restionaceae,5,99
Odyendyea gabonensis,Odyendyea,Simaroubaceae,2,16
Xyris congensis,Xyris,Xyridaceae,2,185
Ribes japonicum,Ribes,Grossulariaceae,3,440
Stylidium leptorrhizum,Stylidium,Stylidiaceae,3,41
Geomitra clavigera,Geomitra,Burmanniaceae,2,2
Allocasuarina misera,Allocasuarina,Casuarinaceae,2,55
Tarenaya houstonii,Tarenaya,Cleomaceae,3,9
Nothofagus pullei,Nothofagus,Nothofagaceae,1,219
Zygogynum pauciflorum,Zygogynum,Winteraceae,1,29
Distylium gracile,Distylium,Hamamelidaceae,2,48
Heliconia episcopalis,Heliconia,Heliconiaceae,3,9
Barclaya longifolia,Barclaya,Nymphaeaceae,5,6
Austrobuxus clusiaceus,Austrobuxus,Picrodendraceae,1,56
Colobogynium variegatum,Colobogynium,Costaceae,2,33
Phacelia crenulata,Phacelia,Hydrophyllaceae,3,6
Musa lawitiensis,Musa,Musaceae,1,34
Portulaca californica,Portulaca,Portulacaceae,3,6
Meliosma angustifolia,Meliosma,Sabiaceae,1,51
Santalum paniculatum,Santalum,Santalaceae,2,239
Dendrotrophe amorpha,Dendrotrophe,Amphorogynaceae,1,20
Engelhardia apoensis,Engelhardia,Juglandaceae,3,6
Dichapetalum oleifolium,Dichapetalum,Dichapetalaceae,1,16
Alniphyllum pterospermum,Alniphyllum,Styracaceae,1,451
Clethra alexandri,Clethra,Clethraceae,1,7
Illicium tenuifolium,Illicium,Schisandraceae,2,11
Zelkova ungeri,Zelkova,Ulmaceae,1,157
Typha javanica,Typha,Typhaceae,3,7
Curculigo trichocarpa,Curculigo,Hypoxidaceae,1,3
Ascarina subsessilis,Ascarina,Chloranthaceae,1,14
Elaeagnus loureiroi,Elaeagnus,Elaeagnaceae,2,10
Morella cacuminis,Morella,Myricaceae,1,6
Quintinia rigida,Quintinia,Paracryphiaceae,1,11
Astelia skottsbergii,Astelia,Asteliaceae,1,88
Marcgraviastrum sodiroi,Marcgraviastrum,Marcgraviaceae,1,2
Hernandia rostrata,Hernandia,Hernandiaceae,1,2
Aponogeton cordatus,Aponogeton,Aponogetonaceae,1,1
Anisophyllea beccariana,Anisophyllea,Anisophylleaceae,1,1
Eucnide urens,Eucnide,Loasaceae,1,1
Nymphoides aquatica,Nymphoides,Menyanthaceae,1,2
Pharnaceum exiguum,Pharnaceum,Molluginaceae,1,2
Uncarina platycarpa,Uncarina,Pedaliaceae,1,2
Trigonopleura macrocarpa,Trigonopleura,Peraceae,1,3
Thesium palmense,Thesium,Thesiaceae,1,1
Mathurina penduliflora,Mathurina,Turneraceae,1,1
Citronella lucidula,Citronella,Cardiopteridaceae,1,1
Rafflesia schadenbergiana,Rafflesia,Rafflesiaceae,1,1
Staphylea emodi,Staphylea,Staphyleaceae,1,1
Xerophyta aymoninii,Xerophyta,Velloziaceae,1,1
Ombrophytum subterraneum,Ombrophytum,Balanophoraceae,1,1
Ptychopetalum olacoides,Ptychopetalum,Olacaceae,1,1
Serapias parviflora,Serapias,Orchidaceae,76,4305
Cichorium intybus,Cichorium,Asteraceae,328,36881
Hamelia patens,Hamelia,Rubiaceae,88,1163
Robinia pseudoacacia,Robinia,Fabaceae,227,23157
Glyceria fluitans,Glyceria,Poaceae,426,158583
Carex pauciflora,Carex,Cyperaceae,268,9990
Eugenia rhombea,Eugenia,Myrtaceae,38,230
Euphorbia exigua,Euphorbia,Euphorbiaceae,111,24921
Aruncus dioicus,Aruncus,Rosaceae,206,5513
Cryptostegia madagascariensis,Cryptostegia,Apocynaceae,60,756
Salvia rosmarinus,Salvia,Lamiaceae,156,6583
Medinilla speciosa,Medinilla,Melastomataceae,13,282
Commersonia bartramia,Commersonia,Malvaceae,100,1055
Pyrola grandiflora,Pyrola,Ericaceae,93,869
Arenga engleri,Arenga,Arecaceae,26,3930
Pseuderanthemum variabile,Pseuderanthemum,Acanthaceae,38,264
Dehaasia incrassata,Dehaasia,Lauraceae,20,186
Hottonia palustris,Hottonia,Primulaceae,54,14293
Agalmyla clarkei,Agalmyla,Gesneriaceae,7,12
Poranthera microphylla,Poranthera,Phyllanthaceae,36,2315
Monstera adansonii,Monstera,Araceae,43,211
Ranunculus nivalis,Ranunculus,Ranunculaceae,110,878
Miliusa brahei,Miliusa,Annonaceae,14,47
Lunaria annua,Lunaria,Brassicaceae,184,53714
Blighia sapida,Blighia,Sapindaceae,36,299
Orixa japonica,Orixa,Rutaceae,34,1631
Polycarpon tetraphyllum,Polycarpon,Caryophyllaceae,213,7156
Anthriscus caucalis,Anthriscus,Apiaceae,112,15386
Boehmeria cylindrica,Boehmeria,Urticaceae,31,171
Salix babylonica,Salix,Salicaceae,61,2006
Ficus obliqua,Ficus,Moraceae,51,202
Piper abbreviatum,Piper,Piperaceae,19,150
Bacopa monnieri,Bacopa,Plantaginaceae,136,1563
Aralia cordata,Aralia,Araliaceae,23,1655
Solanum elaeagnifolium,Solanum,Solanaceae,65,707
Alpinia flabellata,Alpinia,Zingiberaceae,11,163
Yucca gloriosa,Yucca,Asparagaceae,74,2121
Palaquium obovatum,Palaquium,Sapotaceae,12,90
Begonia comorensis,Begonia,Begoniaceae,5,92
Atriplex calotheca,Atriplex,Amaranthaceae,91,781
Distimake aegyptius,Distimake,Convolvulaceae,76,721
Benstonea affinis,Benstonea,Pandanaceae,6,46
Campanula punctata,Campanula,Campanulaceae,31,2871
Quercus alba,Quercus,Fagaceae,19,3617
Polygonum maritimum,Polygonum,Polygonaceae,93,2291
Euonymus cochinchinensis,Euonymus,Celastraceae,19,87
Stenocarpus sinuatus,Stenocarpus,Proteaceae,10,48
Euphrasia officinalis,Euphrasia,Orobanchaceae,60,8288
Sarcomphalus taylorii,Sarcomphalus,Rhamnaceae,17,40
Sloanea insularis,Sloanea,Elaeocarpaceae,8,31
Pentaglottis sempervirens,Pentaglottis,Boraginaceae,55,120979
Aglaia odorata,Aglaia,Meliaceae,21,192
Jasminum polyanthum,Jasminum,Oleaceae,23,911
Diospyros areolata,Diospyros,Ebenaceae,8,78
Phedimus hybridus,Phedimus,Crassulaceae,49,222
Gentianella propinqua,Gentianella,Gentianaceae,28,154
Semecarpus cuneiformis,Semecarpus,Anacardiaceae,23,196
Cissus aristata,Cissus,Vitaceae,22,258
Viola inconspicua,Viola,Violaceae,30,904
Shorea selanica,Shorea,Dipterocarpaceae,8,51
Radermachera pinnata,Radermachera,Bignoniaceae,16,75
Myristica elliptica,Myristica,Myristicaceae,10,90
Sicyos angulatus,Sicyos,Cucurbitaceae,23,967
Zephyranthes candida,Zephyranthes,Amaryllidaceae,49,489
Byrsonima ligustrifolia,Byrsonima,Malpighiaceae,7,31
Ludwigia erecta,Ludwigia,Onagraceae,52,633
Ileostylus micranthus,Ileostylus,Loranthaceae,8,3005
Dietes grandiflora,Dietes,Iridaceae,32,140
Lethedon salicifolia,Lethedon,Thymelaeaceae,9,324
Cereus repandus,Cereus,Cactaceae,16,645
Garcinia multiflora,Garcinia,Clusiaceae,5,202
Limonium ovalifolium,Limonium,Plumbaginaceae,8,98
Tillandsia gardneri,Tillandsia,Bromeliaceae,9,55
Polygala cyparissias,Polygala,Polygalaceae,10,71
Dianella nigra,Dianella,Asphodelaceae,14,3437
Santiria rubiginosa,Santiria,Burseraceae,8,159
Plectritis congesta,Plectritis,Caprifoliaceae,44,3694
Impatiens acehensis,Impatiens,Balsaminaceae,2,15
Luzula arcuata,Luzula,Juncaceae,104,3116
Cratoxylum sumatranum,Cratoxylum,Hypericaceae,20,250
Aristolochia gigantea,Aristolochia,Aristolochiaceae,7,24
Saxifraga umbrosa,Saxifraga,Saxifragaceae,40,395
Scrophularia lucida,Scrophularia,Scrophulariaceae,24,245
Callisia serrulata,Callisia,Commelinaceae,14,81
Eucryphia moorei,Eucryphia,Cunoniaceae,4,10
Terminalia porphyrocarpa,Terminalia,Combretaceae,10,26
Saurauia schumanniana,Saurauia,Actinidiaceae,2,53
Corydalis platycarpa,Corydalis,Papaveraceae,39,276
Erodium ciconium,Erodium,Geraniaceae,30,158
Ilex pubescens,Ilex,Aquifoliaceae,9,590
Calophyllum dasypodium,Calophyllum,Calophyllaceae,4,4
Pentaphylax euryoides,Pentaphylax,Pentaphylacaceae,4,87
Dillenia excelsa,Dillenia,Dilleniaceae,8,368
Coscinium fenestratum,Coscinium,Menispermaceae,6,77
Passiflora fruticosa,Passiflora,Passifloraceae,9,79
Dioscorea trifida,Dioscorea,Dioscoreaceae,9,24
Lippia origanoides,Lippia,Verbenaceae,15,48
Strychnos ovata,Strychnos,Loganiaceae,5,69
Lilium columbianum,Lilium,Liliaceae,19,820
Pittosporum angustifolium,Pittosporum,Pittosporaceae,8,51
Wilkiea pubescens,Wilkiea,Monimiaceae,3,5
Eriocaulon echinulatum,Eriocaulon,Eriocaulaceae,4,7
Cuphea parsonsia,Cuphea,Lythraceae,13,166
Arceuthobium azoricum,Arceuthobium,Viscaceae,5,1136
Myriopus psilostachya,Myriopus,Heliotropiaceae,10,231
Symplocos henschelii,Symplocos,Symplocaceae,5,129
Boerhavia gardneri,Boerhavia,Nyctaginaceae,13,40
Cordia sellowiana,Cordia,Cordiaceae,6,15
Cadaba capparoides,Cadaba,Capparaceae,9,17
Nepenthes tomoriana,Nepenthes,Nepenthaceae,2,21
Goeppertia loeseneri,Goeppertia,Marantaceae,5,6
Scaevola revoluta,Scaevola,Goodeniaceae,6,27
Hirtella ciliata,Hirtella,Chrysobalanaceae,4,18
Utricularia alpina,Utricularia,Lentibulariaceae,11,136
Potamogeton rutilus,Potamogeton,Potamogetonaceae,19,544
Smilax domingensis,Smilax,Smilacaceae,9,177
Oxalis bowiei,Oxalis,Oxalidaceae,10,158
Stewartia serrata,Stewartia,Theaceae,3,210
Helianthemum aegyptiacum,Helianthemum,Cistaceae,9,236
Achlys californica,Achlys,Berberidaceae,6,38
Carpinus cordata,Carpinus,Betulaceae,22,14340
Barringtonia pterita,Barringtonia,Lecythidaceae,4,26
Magnolia montana,Magnolia,Magnoliaceae,4,74
Ouratea racemiformis,Ouratea,Ochnaceae,4,16
Erythroxylum pyrifolium,Erythroxylum,Erythroxylaceae,3,162
Torenia flava,Torenia,Linderniaceae,5,85
Viburnum trilobum,Viburnum,Viburnaceae,14,444
Drypetes polyneura,Drypetes,Putranjivaceae,4,139
Sesuvium edmonstonei,Sesuvium,Aizoaceae,10,75
Hydrangea arguta,Hydrangea,Hydrangeaceae,6,551
Myriophyllum muelleri,Myriophyllum,Haloragaceae,8,96
Rourea orientalis,Rourea,Connaraceae,3,251
Linum narbonense,Linum,Linaceae,6,10
Aphananthe cuspidata,Aphananthe,Cannabaceae,13,104
Hydnocarpus kunstleri,Hydnocarpus,Achariaceae,2,68
Colchicum corsicum,Colchicum,Colchicaceae,3,447
Alangium premnifolium,Alangium,Cornaceae,8,76
Tiquilia paronychioides,Tiquilia,Ehretiaceae,4,4
Tetraena gaetula,Tetraena,Zygophyllaceae,5,39
Buxus monticola,Buxus,Buxaceae,1,68
Blyxa japonica,Blyxa,Hydrocharitaceae,16,185
Helonias umbellata,Helonias,Melanthiaceae,4,921
Aldrovanda vesiculosa,Aldrovanda,Droseraceae,5,69
Bruguiera rhynchopetala,Bruguiera,Rhizophoraceae,5,25
Xyloolaena sambiranensis,Xyloolaena,Sarcolaenaceae,1,118
Rumicastrum spergularinum,Rumicastrum,Montiaceae,5,9
Phlox richardsonii,Phlox,Polemoniaceae,4,36
Iodes yatesii,Iodes,Icacinaceae,2,3
Polyosma forbesii,Polyosma,Escalloniaceae,1,27
Alisma subcordatum,Alisma,Alismataceae,8,37
Codiocarpus merrittii,Codiocarpus,Stemonuraceae,2,21
Glossostigma diandrum,Glossostigma,Phrymaceae,4,473
Coleocarya gracilis,Coleocarya,Restionaceae,5,72
Castela polyandra,Castela,Simaroubaceae,2,7
Xyris neocaledonica,Xyris,Xyridaceae,2,94
Ribes malvaceum,Ribes,Grossulariaceae,3,64
Stylidium adnatum,Stylidium,Stylidiaceae,3,7
Thismia ornata,Thismia,Burmanniaceae,1,33
Allocasuarina huegeliana,Allocasuarina,Casuarinaceae,2,34
Rorida droserifolia,Rorida,Cleomaceae,3,6
Nothofagus rubra,Nothofagus,Nothofagaceae,1,135
Zygogynum schlechteri,Zygogynum,Winteraceae,1,27
Distylium stellare,Distylium,Hamamelidaceae,2,46
Heliconia lanata,Heliconia,Heliconiaceae,3,8
Nymphaea daubenyana,Nymphaea,Nymphaeaceae,5,6
Austrobuxus ellipticus,Austrobuxus,Picrodendraceae,1,52
Tapeinochilos dahlii,Tapeinochilos,Costaceae,2,12
Phacelia lyonii,Phacelia,Hydrophyllaceae,2,149
Musa ingens,Musa,Musaceae,1,30
Portulaca filifolia,Portulaca,Portulacaceae,3,5
Meliosma nesites,Meliosma,Sabiaceae,1,33
Santalum macgregorii,Santalum,Santalaceae,2,99
